Mês/Ano,Razão Social,CNPJ,Instalação,Região,Estado,Município,Capacidade Autorizada (m³/d),Volume Processado  (m³/d),FUE (%)
06/2023,3R POTIGUAR S.A.,44186763000225,3R POTIGUAR S.A.,NORDESTE,Rio Grande do Norte,GUAMARE,7100,4253,60
07/2023,3R POTIGUAR S.A.,44186763000225,3R POTIGUAR S.A.,NORDESTE,Rio Grande do Norte,GUAMARE,7100,5428,76
08/2023,3R POTIGUAR S.A.,44186763000225,3R POTIGUAR S.A.,NORDESTE,Rio Grande do Norte,GUAMARE,7100,4698,66
01/2019,DAX OIL REFINO S/A,04585532000199,DAX OIL,NORDESTE,Bahia,CAMACARI,333,189,57
02/2019,DAX OIL REFINO S/A,04585532000199,DAX OIL,NORDESTE,Bahia,CAMACARI,333,284,85
03/2019,DAX OIL REFINO S/A,04585532000199,DAX OIL,NORDESTE,Bahia,CAMACARI,333,313,94
04/2019,DAX OIL REFINO S/A,04585532000199,DAX OIL,NORDESTE,Bahia,CAMACARI,333,321,96
05/2019,DAX OIL REFINO S/A,04585532000199,DAX OIL,NORDESTE,Bahia,CAMACARI,333,317,95
06/2019,DAX OIL REFINO S/A,04585532000199,DAX OIL,NORDESTE,Bahia,CAMACARI,333,298,89
07/2019,DAX OIL REFINO S/A,04585532000199,DAX OIL,NORDESTE,Bahia,CAMACARI,333,254,76
08/2019,DAX OIL REFINO S/A,04585532000199,DAX OIL,NORDESTE,Bahia,CAMACARI,333,325,98
09/2019,DAX OIL REFINO S/A,04585532000199,DAX OIL,NORDESTE,Bahia,CAMACARI,333,380,114
10/2019,DAX OIL REFINO S/A,04585532000199,DAX OIL,NORDESTE,Bahia,CAMACARI,333,288,86
11/2019,DAX OIL REFINO S/A,04585532000199,DAX OIL,NORDESTE,Bahia,CAMACARI,333,160,48
12/2019,DAX OIL REFINO S/A,04585532000199,DAX OIL,NORDESTE,Bahia,CAMACARI,333,170,51
01/2020,DAX OIL REFINO S/A,04585532000199,DAX OIL,NORDESTE,Bahia,CAMACARI,333,276,83
02/2020,DAX OIL REFINO S/A,04585532000199,DAX OIL,NORDESTE,Bahia,CAMACARI,333,349,105
03/2020,DAX OIL REFINO S/A,04585532000199,DAX OIL,NORDESTE,Bahia,CAMACARI,333,330,99
04/2020,DAX OIL REFINO S/A,04585532000199,DAX OIL,NORDESTE,Bahia,CAMACARI,333,377,113
05/2020,DAX OIL REFINO S/A,04585532000199,DAX OIL,NORDESTE,Bahia,CAMACARI,333,429,129
06/2020,DAX OIL REFINO S/A,04585532000199,DAX OIL,NORDESTE,Bahia,CAMACARI,333,332,100
07/2020,DAX OIL REFINO S/A,04585532000199,DAX OIL,NORDESTE,Bahia,CAMACARI,333,333,100
08/2020,DAX OIL REFINO S/A,04585532000199,DAX OIL,NORDESTE,Bahia,CAMACARI,333,372,112
09/2020,DAX OIL REFINO S/A,04585532000199,DAX OIL,NORDESTE,Bahia,CAMACARI,333,358,108
10/2020,DAX OIL REFINO S/A,04585532000199,DAX OIL,NORDESTE,Bahia,CAMACARI,333,310,93
11/2020,DAX OIL REFINO S/A,04585532000199,DAX OIL,NORDESTE,Bahia,CAMACARI,333,302,91
12/2020,DAX OIL REFINO S/A,04585532000199,DAX OIL,NORDESTE,Bahia,CAMACARI,333,333,100
01/2021,DAX OIL REFINO S/A,04585532000199,DAX OIL,NORDESTE,Bahia,CAMACARI,333,334,100
02/2021,DAX OIL REFINO S/A,04585532000199,DAX OIL,NORDESTE,Bahia,CAMACARI,333,340,102
03/2021,DAX OIL REFINO S/A,04585532000199,DAX OIL,NORDESTE,Bahia,CAMACARI,333,331,99
04/2021,DAX OIL REFINO S/A,04585532000199,DAX OIL,NORDESTE,Bahia,CAMACARI,333,332,100
05/2021,DAX OIL REFINO S/A,04585532000199,DAX OIL,NORDESTE,Bahia,CAMACARI,333,336,101
06/2021,DAX OIL REFINO S/A,04585532000199,DAX OIL,NORDESTE,Bahia,CAMACARI,333,338,102
07/2021,DAX OIL REFINO S/A,04585532000199,DAX OIL,NORDESTE,Bahia,CAMACARI,333,343,103
08/2021,DAX OIL REFINO S/A,04585532000199,DAX OIL,NORDESTE,Bahia,CAMACARI,333,341,102
09/2021,DAX OIL REFINO S/A,04585532000199,DAX OIL,NORDESTE,Bahia,CAMACARI,333,343,103
10/2021,DAX OIL REFINO S/A,04585532000199,DAX OIL,NORDESTE,Bahia,CAMACARI,333,333,100
11/2021,DAX OIL REFINO S/A,04585532000199,DAX OIL,NORDESTE,Bahia,CAMACARI,333,333,100
12/2021,DAX OIL REFINO S/A,04585532000199,DAX OIL,NORDESTE,Bahia,CAMACARI,333,333,100
01/2022,DAX OIL REFINO S/A,04585532000199,DAX OIL,NORDESTE,Bahia,CAMACARI,333,333,100
02/2022,DAX OIL REFINO S/A,04585532000199,DAX OIL,NORDESTE,Bahia,CAMACARI,637,485,76
03/2022,DAX OIL REFINO S/A,04585532000199,DAX OIL,NORDESTE,Bahia,CAMACARI,637,424,67
04/2022,DAX OIL REFINO S/A,04585532000199,DAX OIL,NORDESTE,Bahia,CAMACARI,637,435,68
05/2022,DAX OIL REFINO S/A,04585532000199,DAX OIL,NORDESTE,Bahia,CAMACARI,637,471,74
06/2022,DAX OIL REFINO S/A,04585532000199,DAX OIL,NORDESTE,Bahia,CAMACARI,637,361,57
07/2022,DAX OIL REFINO S/A,04585532000199,DAX OIL,NORDESTE,Bahia,CAMACARI,637,343,54
08/2022,DAX OIL REFINO S/A,04585532000199,DAX OIL,NORDESTE,Bahia,CAMACARI,637,350,55
09/2022,DAX OIL REFINO S/A,04585532000199,DAX OIL,NORDESTE,Bahia,CAMACARI,637,276,43
10/2022,DAX OIL REFINO S/A,04585532000199,DAX OIL,NORDESTE,Bahia,CAMACARI,637,334,52
11/2022,DAX OIL REFINO S/A,04585532000199,DAX OIL,NORDESTE,Bahia,CAMACARI,637,439,69
12/2022,DAX OIL REFINO S/A,04585532000199,DAX OIL,NORDESTE,Bahia,CAMACARI,637,446,70
01/2023,DAX OIL REFINO S/A,04585532000199,DAX OIL,NORDESTE,Bahia,CAMACARI,637,402,63
02/2023,DAX OIL REFINO S/A,04585532000199,DAX OIL,NORDESTE,Bahia,CAMACARI,637,434,68
03/2023,DAX OIL REFINO S/A,04585532000199,DAX OIL,NORDESTE,Bahia,CAMACARI,637,460,72
04/2023,DAX OIL REFINO S/A,04585532000199,DAX OIL,NORDESTE,Bahia,CAMACARI,637,468,73
05/2023,DAX OIL REFINO S/A,04585532000199,DAX OIL,NORDESTE,Bahia,CAMACARI,637,413,65
06/2023,DAX OIL REFINO S/A,04585532000199,DAX OIL,NORDESTE,Bahia,CAMACARI,637,521,82
07/2023,DAX OIL REFINO S/A,04585532000199,DAX OIL,NORDESTE,Bahia,CAMACARI,637,493,77
08/2023,DAX OIL REFINO S/A,04585532000199,DAX OIL,NORDESTE,Bahia,CAMACARI,637,0,0
01/2019,PETROLEO BRASILEIRO S/A,33000167109111,GUAMARÉ,NORDESTE,Rio Grande do Norte,GUAMARE,7100,5122,72
02/2019,PETROLEO BRASILEIRO S/A,33000167109111,GUAMARÉ,NORDESTE,Rio Grande do Norte,GUAMARE,7100,5119,72
03/2019,PETROLEO BRASILEIRO S/A,33000167109111,GUAMARÉ,NORDESTE,Rio Grande do Norte,GUAMARE,7100,5016,71
04/2019,PETROLEO BRASILEIRO S/A,33000167109111,GUAMARÉ,NORDESTE,Rio Grande do Norte,GUAMARE,7100,4980,70
05/2019,PETROLEO BRASILEIRO S/A,33000167109111,GUAMARÉ,NORDESTE,Rio Grande do Norte,GUAMARE,7100,4982,70
06/2019,PETROLEO BRASILEIRO S/A,33000167109111,GUAMARÉ,NORDESTE,Rio Grande do Norte,GUAMARE,7100,4973,70
07/2019,PETROLEO BRASILEIRO S/A,33000167109111,GUAMARÉ,NORDESTE,Rio Grande do Norte,GUAMARE,7100,4971,70
08/2019,PETROLEO BRASILEIRO S/A,33000167109111,GUAMARÉ,NORDESTE,Rio Grande do Norte,GUAMARE,7100,5107,72
09/2019,PETROLEO BRASILEIRO S/A,33000167109111,GUAMARÉ,NORDESTE,Rio Grande do Norte,GUAMARE,7100,4985,70
10/2019,PETROLEO BRASILEIRO S/A,33000167109111,GUAMARÉ,NORDESTE,Rio Grande do Norte,GUAMARE,7100,5056,71
11/2019,PETROLEO BRASILEIRO S/A,33000167109111,GUAMARÉ,NORDESTE,Rio Grande do Norte,GUAMARE,7100,5037,71
12/2019,PETROLEO BRASILEIRO S/A,33000167109111,GUAMARÉ,NORDESTE,Rio Grande do Norte,GUAMARE,7100,4998,70
01/2020,PETROLEO BRASILEIRO S/A,33000167109111,GUAMARÉ,NORDESTE,Rio Grande do Norte,GUAMARE,7100,4868,69
02/2020,PETROLEO BRASILEIRO S/A,33000167109111,GUAMARÉ,NORDESTE,Rio Grande do Norte,GUAMARE,7100,4974,70
03/2020,PETROLEO BRASILEIRO S/A,33000167109111,GUAMARÉ,NORDESTE,Rio Grande do Norte,GUAMARE,7100,4814,68
04/2020,PETROLEO BRASILEIRO S/A,33000167109111,GUAMARÉ,NORDESTE,Rio Grande do Norte,GUAMARE,7100,2526,36
05/2020,PETROLEO BRASILEIRO S/A,33000167109111,GUAMARÉ,NORDESTE,Rio Grande do Norte,GUAMARE,7100,4802,68
06/2020,PETROLEO BRASILEIRO S/A,33000167109111,GUAMARÉ,NORDESTE,Rio Grande do Norte,GUAMARE,7100,4571,64
07/2020,PETROLEO BRASILEIRO S/A,33000167109111,GUAMARÉ,NORDESTE,Rio Grande do Norte,GUAMARE,7100,4896,69
08/2020,PETROLEO BRASILEIRO S/A,33000167109111,GUAMARÉ,NORDESTE,Rio Grande do Norte,GUAMARE,7100,4887,69
09/2020,PETROLEO BRASILEIRO S/A,33000167109111,GUAMARÉ,NORDESTE,Rio Grande do Norte,GUAMARE,7100,4820,68
10/2020,PETROLEO BRASILEIRO S/A,33000167109111,GUAMARÉ,NORDESTE,Rio Grande do Norte,GUAMARE,7100,4693,66
11/2020,PETROLEO BRASILEIRO S/A,33000167109111,GUAMARÉ,NORDESTE,Rio Grande do Norte,GUAMARE,7100,5085,72
12/2020,PETROLEO BRASILEIRO S/A,33000167109111,GUAMARÉ,NORDESTE,Rio Grande do Norte,GUAMARE,7100,4645,65
01/2021,PETROLEO BRASILEIRO S/A,33000167109111,GUAMARÉ,NORDESTE,Rio Grande do Norte,GUAMARE,7100,4933,69
02/2021,PETROLEO BRASILEIRO S/A,33000167109111,GUAMARÉ,NORDESTE,Rio Grande do Norte,GUAMARE,7100,4749,67
03/2021,PETROLEO BRASILEIRO S/A,33000167109111,GUAMARÉ,NORDESTE,Rio Grande do Norte,GUAMARE,7100,4788,67
04/2021,PETROLEO BRASILEIRO S/A,33000167109111,GUAMARÉ,NORDESTE,Rio Grande do Norte,GUAMARE,7100,4273,60
05/2021,PETROLEO BRASILEIRO S/A,33000167109111,GUAMARÉ,NORDESTE,Rio Grande do Norte,GUAMARE,7100,3681,52
06/2021,PETROLEO BRASILEIRO S/A,33000167109111,GUAMARÉ,NORDESTE,Rio Grande do Norte,GUAMARE,7100,4674,66
07/2021,PETROLEO BRASILEIRO S/A,33000167109111,GUAMARÉ,NORDESTE,Rio Grande do Norte,GUAMARE,7100,4803,68
08/2021,PETROLEO BRASILEIRO S/A,33000167109111,GUAMARÉ,NORDESTE,Rio Grande do Norte,GUAMARE,7100,4696,66
09/2021,PETROLEO BRASILEIRO S/A,33000167109111,GUAMARÉ,NORDESTE,Rio Grande do Norte,GUAMARE,7100,4725,67
10/2021,PETROLEO BRASILEIRO S/A,33000167109111,GUAMARÉ,NORDESTE,Rio Grande do Norte,GUAMARE,7100,4012,57
11/2021,PETROLEO BRASILEIRO S/A,33000167109111,GUAMARÉ,NORDESTE,Rio Grande do Norte,GUAMARE,7100,4242,60
12/2021,PETROLEO BRASILEIRO S/A,33000167109111,GUAMARÉ,NORDESTE,Rio Grande do Norte,GUAMARE,7100,4718,66
01/2022,PETROLEO BRASILEIRO S/A,33000167109111,GUAMARÉ,NORDESTE,Rio Grande do Norte,GUAMARE,7100,4794,68
02/2022,PETROLEO BRASILEIRO S/A,33000167109111,GUAMARÉ,NORDESTE,Rio Grande do Norte,GUAMARE,7100,4554,64
03/2022,PETROLEO BRASILEIRO S/A,33000167109111,GUAMARÉ,NORDESTE,Rio Grande do Norte,GUAMARE,7100,4926,69
04/2022,PETROLEO BRASILEIRO S/A,33000167109111,GUAMARÉ,NORDESTE,Rio Grande do Norte,GUAMARE,7100,2729,38
05/2022,PETROLEO BRASILEIRO S/A,33000167109111,GUAMARÉ,NORDESTE,Rio Grande do Norte,GUAMARE,7100,3584,50
06/2022,PETROLEO BRASILEIRO S/A,33000167109111,GUAMARÉ,NORDESTE,Rio Grande do Norte,GUAMARE,7100,4377,62
07/2022,PETROLEO BRASILEIRO S/A,33000167109111,GUAMARÉ,NORDESTE,Rio Grande do Norte,GUAMARE,7100,2598,37
08/2022,PETROLEO BRASILEIRO S/A,33000167109111,GUAMARÉ,NORDESTE,Rio Grande do Norte,GUAMARE,7100,2571,36
09/2022,PETROLEO BRASILEIRO S/A,33000167109111,GUAMARÉ,NORDESTE,Rio Grande do Norte,GUAMARE,7100,3219,45
10/2022,PETROLEO BRASILEIRO S/A,33000167109111,GUAMARÉ,NORDESTE,Rio Grande do Norte,GUAMARE,7100,4263,60
11/2022,PETROLEO BRASILEIRO S/A,33000167109111,GUAMARÉ,NORDESTE,Rio Grande do Norte,GUAMARE,7100,4417,62
12/2022,PETROLEO BRASILEIRO S/A,33000167109111,GUAMARÉ,NORDESTE,Rio Grande do Norte,GUAMARE,7100,4138,58
01/2023,PETROLEO BRASILEIRO S/A,33000167109111,GUAMARÉ,NORDESTE,Rio Grande do Norte,GUAMARE,7100,4092,58
02/2023,PETROLEO BRASILEIRO S/A,33000167109111,GUAMARÉ,NORDESTE,Rio Grande do Norte,GUAMARE,7100,4126,58
03/2023,PETROLEO BRASILEIRO S/A,33000167109111,GUAMARÉ,NORDESTE,Rio Grande do Norte,GUAMARE,7100,4427,62
04/2023,PETROLEO BRASILEIRO S/A,33000167109111,GUAMARÉ,NORDESTE,Rio Grande do Norte,GUAMARE,7100,4193,59
05/2023,PETROLEO BRASILEIRO S/A,33000167109111,GUAMARÉ,NORDESTE,Rio Grande do Norte,GUAMARE,7100,4089,58
01/2019,PETROLEO BRASILEIRO S/A,33000167005502,LUBNOR,NORDESTE,Ceará,FORTALEZA,1650,888,54
02/2019,PETROLEO BRASILEIRO S/A,33000167005502,LUBNOR,NORDESTE,Ceará,FORTALEZA,1650,1126,68
03/2019,PETROLEO BRASILEIRO S/A,33000167005502,LUBNOR,NORDESTE,Ceará,FORTALEZA,1650,1110,67
04/2019,PETROLEO BRASILEIRO S/A,33000167005502,LUBNOR,NORDESTE,Ceará,FORTALEZA,1650,713,43
05/2019,PETROLEO BRASILEIRO S/A,33000167005502,LUBNOR,NORDESTE,Ceará,FORTALEZA,1650,971,59
06/2019,PETROLEO BRASILEIRO S/A,33000167005502,LUBNOR,NORDESTE,Ceará,FORTALEZA,1650,1064,64
07/2019,PETROLEO BRASILEIRO S/A,33000167005502,LUBNOR,NORDESTE,Ceará,FORTALEZA,1650,1131,69
08/2019,PETROLEO BRASILEIRO S/A,33000167005502,LUBNOR,NORDESTE,Ceará,FORTALEZA,1650,1296,79
09/2019,PETROLEO BRASILEIRO S/A,33000167005502,LUBNOR,NORDESTE,Ceará,FORTALEZA,1650,1478,90
10/2019,PETROLEO BRASILEIRO S/A,33000167005502,LUBNOR,NORDESTE,Ceará,FORTALEZA,1650,1096,66
11/2019,PETROLEO BRASILEIRO S/A,33000167005502,LUBNOR,NORDESTE,Ceará,FORTALEZA,1650,1295,78
12/2019,PETROLEO BRASILEIRO S/A,33000167005502,LUBNOR,NORDESTE,Ceará,FORTALEZA,1650,1384,84
01/2020,PETROLEO BRASILEIRO S/A,33000167005502,LUBNOR,NORDESTE,Ceará,FORTALEZA,1650,1422,86
02/2020,PETROLEO BRASILEIRO S/A,33000167005502,LUBNOR,NORDESTE,Ceará,FORTALEZA,1650,1249,76
03/2020,PETROLEO BRASILEIRO S/A,33000167005502,LUBNOR,NORDESTE,Ceará,FORTALEZA,1650,1318,80
04/2020,PETROLEO BRASILEIRO S/A,33000167005502,LUBNOR,NORDESTE,Ceará,FORTALEZA,1650,1067,65
05/2020,PETROLEO BRASILEIRO S/A,33000167005502,LUBNOR,NORDESTE,Ceará,FORTALEZA,1650,1125,68
06/2020,PETROLEO BRASILEIRO S/A,33000167005502,LUBNOR,NORDESTE,Ceará,FORTALEZA,1650,1349,82
07/2020,PETROLEO BRASILEIRO S/A,33000167005502,LUBNOR,NORDESTE,Ceará,FORTALEZA,1650,1358,82
08/2020,PETROLEO BRASILEIRO S/A,33000167005502,LUBNOR,NORDESTE,Ceará,FORTALEZA,1650,1443,87
09/2020,PETROLEO BRASILEIRO S/A,33000167005502,LUBNOR,NORDESTE,Ceará,FORTALEZA,1650,1504,91
10/2020,PETROLEO BRASILEIRO S/A,33000167005502,LUBNOR,NORDESTE,Ceará,FORTALEZA,1650,1354,82
11/2020,PETROLEO BRASILEIRO S/A,33000167005502,LUBNOR,NORDESTE,Ceará,FORTALEZA,1650,1512,92
12/2020,PETROLEO BRASILEIRO S/A,33000167005502,LUBNOR,NORDESTE,Ceará,FORTALEZA,1650,1431,87
01/2021,PETROLEO BRASILEIRO S/A,33000167005502,LUBNOR,NORDESTE,Ceará,FORTALEZA,1650,1523,92
02/2021,PETROLEO BRASILEIRO S/A,33000167005502,LUBNOR,NORDESTE,Ceará,FORTALEZA,1650,1419,86
03/2021,PETROLEO BRASILEIRO S/A,33000167005502,LUBNOR,NORDESTE,Ceará,FORTALEZA,1650,1021,62
04/2021,PETROLEO BRASILEIRO S/A,33000167005502,LUBNOR,NORDESTE,Ceará,FORTALEZA,1650,952,58
05/2021,PETROLEO BRASILEIRO S/A,33000167005502,LUBNOR,NORDESTE,Ceará,FORTALEZA,1650,1114,68
06/2021,PETROLEO BRASILEIRO S/A,33000167005502,LUBNOR,NORDESTE,Ceará,FORTALEZA,1650,1106,67
07/2021,PETROLEO BRASILEIRO S/A,33000167005502,LUBNOR,NORDESTE,Ceará,FORTALEZA,1650,1190,72
08/2021,PETROLEO BRASILEIRO S/A,33000167005502,LUBNOR,NORDESTE,Ceará,FORTALEZA,1650,1230,75
09/2021,PETROLEO BRASILEIRO S/A,33000167005502,LUBNOR,NORDESTE,Ceará,FORTALEZA,1650,1507,91
10/2021,PETROLEO BRASILEIRO S/A,33000167005502,LUBNOR,NORDESTE,Ceará,FORTALEZA,1650,1279,78
11/2021,PETROLEO BRASILEIRO S/A,33000167005502,LUBNOR,NORDESTE,Ceará,FORTALEZA,1650,1153,70
12/2021,PETROLEO BRASILEIRO S/A,33000167005502,LUBNOR,NORDESTE,Ceará,FORTALEZA,1650,1262,76
01/2022,PETROLEO BRASILEIRO S/A,33000167005502,LUBNOR,NORDESTE,Ceará,FORTALEZA,1650,1263,77
02/2022,PETROLEO BRASILEIRO S/A,33000167005502,LUBNOR,NORDESTE,Ceará,FORTALEZA,1650,1036,63
03/2022,PETROLEO BRASILEIRO S/A,33000167005502,LUBNOR,NORDESTE,Ceará,FORTALEZA,1650,1339,81
04/2022,PETROLEO BRASILEIRO S/A,33000167005502,LUBNOR,NORDESTE,Ceará,FORTALEZA,1650,1277,77
05/2022,PETROLEO BRASILEIRO S/A,33000167005502,LUBNOR,NORDESTE,Ceará,FORTALEZA,1650,1479,90
06/2022,PETROLEO BRASILEIRO S/A,33000167005502,LUBNOR,NORDESTE,Ceará,FORTALEZA,1650,1474,89
07/2022,PETROLEO BRASILEIRO S/A,33000167005502,LUBNOR,NORDESTE,Ceará,FORTALEZA,1650,1492,90
08/2022,PETROLEO BRASILEIRO S/A,33000167005502,LUBNOR,NORDESTE,Ceará,FORTALEZA,1650,1469,89
09/2022,PETROLEO BRASILEIRO S/A,33000167005502,LUBNOR,NORDESTE,Ceará,FORTALEZA,1650,1440,87
10/2022,PETROLEO BRASILEIRO S/A,33000167005502,LUBNOR,NORDESTE,Ceará,FORTALEZA,1650,1467,89
11/2022,PETROLEO BRASILEIRO S/A,33000167005502,LUBNOR,NORDESTE,Ceará,FORTALEZA,1650,1471,89
12/2022,PETROLEO BRASILEIRO S/A,33000167005502,LUBNOR,NORDESTE,Ceará,FORTALEZA,1650,1406,85
01/2023,PETROLEO BRASILEIRO S/A,33000167005502,LUBNOR,NORDESTE,Ceará,FORTALEZA,1650,1427,86
02/2023,PETROLEO BRASILEIRO S/A,33000167005502,LUBNOR,NORDESTE,Ceará,FORTALEZA,1650,1408,85
03/2023,PETROLEO BRASILEIRO S/A,33000167005502,LUBNOR,NORDESTE,Ceará,FORTALEZA,1650,1215,74
04/2023,PETROLEO BRASILEIRO S/A,33000167005502,LUBNOR,NORDESTE,Ceará,FORTALEZA,1650,1318,80
05/2023,PETROLEO BRASILEIRO S/A,33000167005502,LUBNOR,NORDESTE,Ceará,FORTALEZA,1650,1425,86
06/2023,PETROLEO BRASILEIRO S/A,33000167005502,LUBNOR,NORDESTE,Ceará,FORTALEZA,1650,1493,90
07/2023,PETROLEO BRASILEIRO S/A,33000167005502,LUBNOR,NORDESTE,Ceará,FORTALEZA,1650,1491,90
08/2023,PETROLEO BRASILEIRO S/A,33000167005502,LUBNOR,NORDESTE,Ceará,FORTALEZA,1650,1408,85
01/2019,REFINARIA DE PETRÓLEOS DE MANGUINHOS S/A,33412081000196,MANGUINHOS,SUDESTE,Rio de Janeiro,RIO DE JANEIRO,2226,787,35
02/2019,REFINARIA DE PETRÓLEOS DE MANGUINHOS S/A,33412081000196,MANGUINHOS,SUDESTE,Rio de Janeiro,RIO DE JANEIRO,2226,723,32
03/2019,REFINARIA DE PETRÓLEOS DE MANGUINHOS S/A,33412081000196,MANGUINHOS,SUDESTE,Rio de Janeiro,RIO DE JANEIRO,2226,775,35
04/2019,REFINARIA DE PETRÓLEOS DE MANGUINHOS S/A,33412081000196,MANGUINHOS,SUDESTE,Rio de Janeiro,RIO DE JANEIRO,1590,790,50
05/2019,REFINARIA DE PETRÓLEOS DE MANGUINHOS S/A,33412081000196,MANGUINHOS,SUDESTE,Rio de Janeiro,RIO DE JANEIRO,1590,1095,69
06/2019,REFINARIA DE PETRÓLEOS DE MANGUINHOS S/A,33412081000196,MANGUINHOS,SUDESTE,Rio de Janeiro,RIO DE JANEIRO,1590,1394,88
07/2019,REFINARIA DE PETRÓLEOS DE MANGUINHOS S/A,33412081000196,MANGUINHOS,SUDESTE,Rio de Janeiro,RIO DE JANEIRO,1590,1373,86
08/2019,REFINARIA DE PETRÓLEOS DE MANGUINHOS S/A,33412081000196,MANGUINHOS,SUDESTE,Rio de Janeiro,RIO DE JANEIRO,1590,1578,99
09/2019,REFINARIA DE PETRÓLEOS DE MANGUINHOS S/A,33412081000196,MANGUINHOS,SUDESTE,Rio de Janeiro,RIO DE JANEIRO,1590,1578,99
10/2019,REFINARIA DE PETRÓLEOS DE MANGUINHOS S/A,33412081000196,MANGUINHOS,SUDESTE,Rio de Janeiro,RIO DE JANEIRO,1590,1577,99
11/2019,REFINARIA DE PETRÓLEOS DE MANGUINHOS S/A,33412081000196,MANGUINHOS,SUDESTE,Rio de Janeiro,RIO DE JANEIRO,1590,1577,99
12/2019,REFINARIA DE PETRÓLEOS DE MANGUINHOS S/A,33412081000196,MANGUINHOS,SUDESTE,Rio de Janeiro,RIO DE JANEIRO,1590,1569,99
01/2020,REFINARIA DE PETRÓLEOS DE MANGUINHOS S/A,33412081000196,MANGUINHOS,SUDESTE,Rio de Janeiro,RIO DE JANEIRO,1590,1559,98
02/2020,REFINARIA DE PETRÓLEOS DE MANGUINHOS S/A,33412081000196,MANGUINHOS,SUDESTE,Rio de Janeiro,RIO DE JANEIRO,1590,1559,98
03/2020,REFINARIA DE PETRÓLEOS DE MANGUINHOS S/A,33412081000196,MANGUINHOS,SUDESTE,Rio de Janeiro,RIO DE JANEIRO,1590,1051,66
04/2020,REFINARIA DE PETRÓLEOS DE MANGUINHOS S/A,33412081000196,MANGUINHOS,SUDESTE,Rio de Janeiro,RIO DE JANEIRO,1590,1531,96
05/2020,REFINARIA DE PETRÓLEOS DE MANGUINHOS S/A,33412081000196,MANGUINHOS,SUDESTE,Rio de Janeiro,RIO DE JANEIRO,1590,1343,84
06/2020,REFINARIA DE PETRÓLEOS DE MANGUINHOS S/A,33412081000196,MANGUINHOS,SUDESTE,Rio de Janeiro,RIO DE JANEIRO,1590,1549,97
07/2020,REFINARIA DE PETRÓLEOS DE MANGUINHOS S/A,33412081000196,MANGUINHOS,SUDESTE,Rio de Janeiro,RIO DE JANEIRO,1590,1441,91
08/2020,REFINARIA DE PETRÓLEOS DE MANGUINHOS S/A,33412081000196,MANGUINHOS,SUDESTE,Rio de Janeiro,RIO DE JANEIRO,1590,1408,89
09/2020,REFINARIA DE PETRÓLEOS DE MANGUINHOS S/A,33412081000196,MANGUINHOS,SUDESTE,Rio de Janeiro,RIO DE JANEIRO,1590,1065,67
10/2020,REFINARIA DE PETRÓLEOS DE MANGUINHOS S/A,33412081000196,MANGUINHOS,SUDESTE,Rio de Janeiro,RIO DE JANEIRO,1590,1563,98
11/2020,REFINARIA DE PETRÓLEOS DE MANGUINHOS S/A,33412081000196,MANGUINHOS,SUDESTE,Rio de Janeiro,RIO DE JANEIRO,1590,1015,64
12/2020,REFINARIA DE PETRÓLEOS DE MANGUINHOS S/A,33412081000196,MANGUINHOS,SUDESTE,Rio de Janeiro,RIO DE JANEIRO,1590,1567,99
01/2021,REFINARIA DE PETRÓLEOS DE MANGUINHOS S/A,33412081000196,MANGUINHOS,SUDESTE,Rio de Janeiro,RIO DE JANEIRO,1590,1533,96
02/2021,REFINARIA DE PETRÓLEOS DE MANGUINHOS S/A,33412081000196,MANGUINHOS,SUDESTE,Rio de Janeiro,RIO DE JANEIRO,1590,1337,84
03/2021,REFINARIA DE PETRÓLEOS DE MANGUINHOS S/A,33412081000196,MANGUINHOS,SUDESTE,Rio de Janeiro,RIO DE JANEIRO,1590,1417,89
04/2021,REFINARIA DE PETRÓLEOS DE MANGUINHOS S/A,33412081000196,MANGUINHOS,SUDESTE,Rio de Janeiro,RIO DE JANEIRO,1590,1340,84
05/2021,REFINARIA DE PETRÓLEOS DE MANGUINHOS S/A,33412081000196,MANGUINHOS,SUDESTE,Rio de Janeiro,RIO DE JANEIRO,1590,1512,95
06/2021,REFINARIA DE PETRÓLEOS DE MANGUINHOS S/A,33412081000196,MANGUINHOS,SUDESTE,Rio de Janeiro,RIO DE JANEIRO,1590,699,44
07/2021,REFINARIA DE PETRÓLEOS DE MANGUINHOS S/A,33412081000196,MANGUINHOS,SUDESTE,Rio de Janeiro,RIO DE JANEIRO,1590,946,59
08/2021,REFINARIA DE PETRÓLEOS DE MANGUINHOS S/A,33412081000196,MANGUINHOS,SUDESTE,Rio de Janeiro,RIO DE JANEIRO,1590,1344,85
09/2021,REFINARIA DE PETRÓLEOS DE MANGUINHOS S/A,33412081000196,MANGUINHOS,SUDESTE,Rio de Janeiro,RIO DE JANEIRO,1590,1401,88
10/2021,REFINARIA DE PETRÓLEOS DE MANGUINHOS S/A,33412081000196,MANGUINHOS,SUDESTE,Rio de Janeiro,RIO DE JANEIRO,1590,1538,97
11/2021,REFINARIA DE PETRÓLEOS DE MANGUINHOS S/A,33412081000196,MANGUINHOS,SUDESTE,Rio de Janeiro,RIO DE JANEIRO,1590,1588,100
12/2021,REFINARIA DE PETRÓLEOS DE MANGUINHOS S/A,33412081000196,MANGUINHOS,SUDESTE,Rio de Janeiro,RIO DE JANEIRO,2274,1586,70
01/2022,REFINARIA DE PETRÓLEOS DE MANGUINHOS S/A,33412081000196,MANGUINHOS,SUDESTE,Rio de Janeiro,RIO DE JANEIRO,2274,1731,76
02/2022,REFINARIA DE PETRÓLEOS DE MANGUINHOS S/A,33412081000196,MANGUINHOS,SUDESTE,Rio de Janeiro,RIO DE JANEIRO,2274,905,40
03/2022,REFINARIA DE PETRÓLEOS DE MANGUINHOS S/A,33412081000196,MANGUINHOS,SUDESTE,Rio de Janeiro,RIO DE JANEIRO,2274,2063,91
04/2022,REFINARIA DE PETRÓLEOS DE MANGUINHOS S/A,33412081000196,MANGUINHOS,SUDESTE,Rio de Janeiro,RIO DE JANEIRO,2274,1830,80
05/2022,REFINARIA DE PETRÓLEOS DE MANGUINHOS S/A,33412081000196,MANGUINHOS,SUDESTE,Rio de Janeiro,RIO DE JANEIRO,2274,2211,97
06/2022,REFINARIA DE PETRÓLEOS DE MANGUINHOS S/A,33412081000196,MANGUINHOS,SUDESTE,Rio de Janeiro,RIO DE JANEIRO,2274,2267,100
07/2022,REFINARIA DE PETRÓLEOS DE MANGUINHOS S/A,33412081000196,MANGUINHOS,SUDESTE,Rio de Janeiro,RIO DE JANEIRO,2274,1272,56
08/2022,REFINARIA DE PETRÓLEOS DE MANGUINHOS S/A,33412081000196,MANGUINHOS,SUDESTE,Rio de Janeiro,RIO DE JANEIRO,2274,1979,87
09/2022,REFINARIA DE PETRÓLEOS DE MANGUINHOS S/A,33412081000196,MANGUINHOS,SUDESTE,Rio de Janeiro,RIO DE JANEIRO,2274,844,37
10/2022,REFINARIA DE PETRÓLEOS DE MANGUINHOS S/A,33412081000196,MANGUINHOS,SUDESTE,Rio de Janeiro,RIO DE JANEIRO,2274,119,5
11/2022,REFINARIA DE PETRÓLEOS DE MANGUINHOS S/A,33412081000196,MANGUINHOS,SUDESTE,Rio de Janeiro,RIO DE JANEIRO,2274,1094,48
12/2022,REFINARIA DE PETRÓLEOS DE MANGUINHOS S/A,33412081000196,MANGUINHOS,SUDESTE,Rio de Janeiro,RIO DE JANEIRO,2274,1686,74
01/2023,REFINARIA DE PETRÓLEOS DE MANGUINHOS S/A,33412081000196,MANGUINHOS,SUDESTE,Rio de Janeiro,RIO DE JANEIRO,2274,1337,59
02/2023,REFINARIA DE PETRÓLEOS DE MANGUINHOS S/A,33412081000196,MANGUINHOS,SUDESTE,Rio de Janeiro,RIO DE JANEIRO,2274,1187,52
03/2023,REFINARIA DE PETRÓLEOS DE MANGUINHOS S/A,33412081000196,MANGUINHOS,SUDESTE,Rio de Janeiro,RIO DE JANEIRO,2274,0,0
04/2023,REFINARIA DE PETRÓLEOS DE MANGUINHOS S/A,33412081000196,MANGUINHOS,SUDESTE,Rio de Janeiro,RIO DE JANEIRO,2274,453,20
05/2023,REFINARIA DE PETRÓLEOS DE MANGUINHOS S/A,33412081000196,MANGUINHOS,SUDESTE,Rio de Janeiro,RIO DE JANEIRO,2274,1355,60
06/2023,REFINARIA DE PETRÓLEOS DE MANGUINHOS S/A,33412081000196,MANGUINHOS,SUDESTE,Rio de Janeiro,RIO DE JANEIRO,2274,1945,86
07/2023,REFINARIA DE PETRÓLEOS DE MANGUINHOS S/A,33412081000196,MANGUINHOS,SUDESTE,Rio de Janeiro,RIO DE JANEIRO,2274,2096,92
08/2023,REFINARIA DE PETRÓLEOS DE MANGUINHOS S/A,33412081000196,MANGUINHOS,SUDESTE,Rio de Janeiro,RIO DE JANEIRO,2274,1933,85
10/2022,REFINARIA DE MANAUS S.A.,40180943000168,REAM,NORTE,Amazonas,MANAUS,7300,5059,69
11/2022,REFINARIA DE MANAUS S.A.,40180943000168,REAM,NORTE,Amazonas,MANAUS,7300,4232,58
12/2022,REFINARIA DE MANAUS S.A.,40180943000168,REAM,NORTE,Amazonas,MANAUS,7300,4924,67
01/2023,REFINARIA DE MANAUS S.A.,40180943000168,REAM,NORTE,Amazonas,MANAUS,7300,4559,62
02/2023,REFINARIA DE MANAUS S.A.,40180943000168,REAM,NORTE,Amazonas,MANAUS,7300,3877,53
03/2023,REFINARIA DE MANAUS S.A.,40180943000168,REAM,NORTE,Amazonas,MANAUS,7300,4767,65
04/2023,REFINARIA DE MANAUS S.A.,40180943000168,REAM,NORTE,Amazonas,MANAUS,7300,4831,66
05/2023,REFINARIA DE MANAUS S.A.,40180943000168,REAM,NORTE,Amazonas,MANAUS,7300,4232,58
06/2023,REFINARIA DE MANAUS S.A.,40180943000168,REAM,NORTE,Amazonas,MANAUS,7300,5838,80
07/2023,REFINARIA DE MANAUS S.A.,40180943000168,REAM,NORTE,Amazonas,MANAUS,7300,0,0
08/2023,REFINARIA DE MANAUS S.A.,40180943000168,REAM,NORTE,Amazonas,MANAUS,7300,0,0
01/2019,PETROLEO BRASILEIRO S/A,33000167085263,RECAP,SUDESTE,São Paulo,MAUA,10000,5948,59
02/2019,PETROLEO BRASILEIRO S/A,33000167085263,RECAP,SUDESTE,São Paulo,MAUA,10000,8820,88
03/2019,PETROLEO BRASILEIRO S/A,33000167085263,RECAP,SUDESTE,São Paulo,MAUA,10000,8213,82
04/2019,PETROLEO BRASILEIRO S/A,33000167085263,RECAP,SUDESTE,São Paulo,MAUA,10000,8294,83
05/2019,PETROLEO BRASILEIRO S/A,33000167085263,RECAP,SUDESTE,São Paulo,MAUA,10000,7691,77
06/2019,PETROLEO BRASILEIRO S/A,33000167085263,RECAP,SUDESTE,São Paulo,MAUA,10000,7533,75
07/2019,PETROLEO BRASILEIRO S/A,33000167085263,RECAP,SUDESTE,São Paulo,MAUA,10000,7351,74
08/2019,PETROLEO BRASILEIRO S/A,33000167085263,RECAP,SUDESTE,São Paulo,MAUA,10000,8121,81
09/2019,PETROLEO BRASILEIRO S/A,33000167085263,RECAP,SUDESTE,São Paulo,MAUA,10000,9263,93
10/2019,PETROLEO BRASILEIRO S/A,33000167085263,RECAP,SUDESTE,São Paulo,MAUA,10000,8552,86
11/2019,PETROLEO BRASILEIRO S/A,33000167085263,RECAP,SUDESTE,São Paulo,MAUA,10000,7976,80
12/2019,PETROLEO BRASILEIRO S/A,33000167085263,RECAP,SUDESTE,São Paulo,MAUA,10000,7243,72
01/2020,PETROLEO BRASILEIRO S/A,33000167085263,RECAP,SUDESTE,São Paulo,MAUA,10000,7149,71
02/2020,PETROLEO BRASILEIRO S/A,33000167085263,RECAP,SUDESTE,São Paulo,MAUA,10000,7074,71
03/2020,PETROLEO BRASILEIRO S/A,33000167085263,RECAP,SUDESTE,São Paulo,MAUA,10000,7788,78
04/2020,PETROLEO BRASILEIRO S/A,33000167085263,RECAP,SUDESTE,São Paulo,MAUA,10000,4956,50
05/2020,PETROLEO BRASILEIRO S/A,33000167085263,RECAP,SUDESTE,São Paulo,MAUA,10000,6490,65
06/2020,PETROLEO BRASILEIRO S/A,33000167085263,RECAP,SUDESTE,São Paulo,MAUA,10000,7352,74
07/2020,PETROLEO BRASILEIRO S/A,33000167085263,RECAP,SUDESTE,São Paulo,MAUA,10000,7222,72
08/2020,PETROLEO BRASILEIRO S/A,33000167085263,RECAP,SUDESTE,São Paulo,MAUA,10000,8218,82
09/2020,PETROLEO BRASILEIRO S/A,33000167085263,RECAP,SUDESTE,São Paulo,MAUA,10000,8049,80
10/2020,PETROLEO BRASILEIRO S/A,33000167085263,RECAP,SUDESTE,São Paulo,MAUA,10000,464,5
11/2020,PETROLEO BRASILEIRO S/A,33000167085263,RECAP,SUDESTE,São Paulo,MAUA,10000,2460,25
12/2020,PETROLEO BRASILEIRO S/A,33000167085263,RECAP,SUDESTE,São Paulo,MAUA,10000,6772,68
01/2021,PETROLEO BRASILEIRO S/A,33000167085263,RECAP,SUDESTE,São Paulo,MAUA,10000,7802,78
02/2021,PETROLEO BRASILEIRO S/A,33000167085263,RECAP,SUDESTE,São Paulo,MAUA,10000,8101,81
03/2021,PETROLEO BRASILEIRO S/A,33000167085263,RECAP,SUDESTE,São Paulo,MAUA,10000,8320,83
04/2021,PETROLEO BRASILEIRO S/A,33000167085263,RECAP,SUDESTE,São Paulo,MAUA,10000,7028,70
05/2021,PETROLEO BRASILEIRO S/A,33000167085263,RECAP,SUDESTE,São Paulo,MAUA,10000,8007,80
06/2021,PETROLEO BRASILEIRO S/A,33000167085263,RECAP,SUDESTE,São Paulo,MAUA,10000,8965,90
07/2021,PETROLEO BRASILEIRO S/A,33000167085263,RECAP,SUDESTE,São Paulo,MAUA,10000,8134,81
08/2021,PETROLEO BRASILEIRO S/A,33000167085263,RECAP,SUDESTE,São Paulo,MAUA,10000,9427,94
09/2021,PETROLEO BRASILEIRO S/A,33000167085263,RECAP,SUDESTE,São Paulo,MAUA,10000,8964,90
10/2021,PETROLEO BRASILEIRO S/A,33000167085263,RECAP,SUDESTE,São Paulo,MAUA,10000,9426,94
11/2021,PETROLEO BRASILEIRO S/A,33000167085263,RECAP,SUDESTE,São Paulo,MAUA,10000,9595,96
12/2021,PETROLEO BRASILEIRO S/A,33000167085263,RECAP,SUDESTE,São Paulo,MAUA,10000,9376,94
01/2022,PETROLEO BRASILEIRO S/A,33000167085263,RECAP,SUDESTE,São Paulo,MAUA,10000,9494,95
02/2022,PETROLEO BRASILEIRO S/A,33000167085263,RECAP,SUDESTE,São Paulo,MAUA,10000,8435,84
03/2022,PETROLEO BRASILEIRO S/A,33000167085263,RECAP,SUDESTE,São Paulo,MAUA,10000,8757,88
04/2022,PETROLEO BRASILEIRO S/A,33000167085263,RECAP,SUDESTE,São Paulo,MAUA,10000,9393,94
05/2022,PETROLEO BRASILEIRO S/A,33000167085263,RECAP,SUDESTE,São Paulo,MAUA,10000,9420,94
06/2022,PETROLEO BRASILEIRO S/A,33000167085263,RECAP,SUDESTE,São Paulo,MAUA,10000,9374,94
07/2022,PETROLEO BRASILEIRO S/A,33000167085263,RECAP,SUDESTE,São Paulo,MAUA,10000,9621,96
08/2022,PETROLEO BRASILEIRO S/A,33000167085263,RECAP,SUDESTE,São Paulo,MAUA,10000,9434,94
09/2022,PETROLEO BRASILEIRO S/A,33000167085263,RECAP,SUDESTE,São Paulo,MAUA,10000,9651,97
10/2022,PETROLEO BRASILEIRO S/A,33000167085263,RECAP,SUDESTE,São Paulo,MAUA,10000,9485,95
11/2022,PETROLEO BRASILEIRO S/A,33000167085263,RECAP,SUDESTE,São Paulo,MAUA,10000,9246,92
12/2022,PETROLEO BRASILEIRO S/A,33000167085263,RECAP,SUDESTE,São Paulo,MAUA,10000,8657,87
01/2023,PETROLEO BRASILEIRO S/A,33000167085263,RECAP,SUDESTE,São Paulo,MAUA,10000,8071,81
02/2023,PETROLEO BRASILEIRO S/A,33000167085263,RECAP,SUDESTE,São Paulo,MAUA,10000,7437,74
03/2023,PETROLEO BRASILEIRO S/A,33000167085263,RECAP,SUDESTE,São Paulo,MAUA,10000,7601,76
04/2023,PETROLEO BRASILEIRO S/A,33000167085263,RECAP,SUDESTE,São Paulo,MAUA,10000,9806,98
05/2023,PETROLEO BRASILEIRO S/A,33000167085263,RECAP,SUDESTE,São Paulo,MAUA,10000,9554,96
06/2023,PETROLEO BRASILEIRO S/A,33000167085263,RECAP,SUDESTE,São Paulo,MAUA,10000,9440,94
07/2023,PETROLEO BRASILEIRO S/A,33000167085263,RECAP,SUDESTE,São Paulo,MAUA,10000,9676,97
08/2023,PETROLEO BRASILEIRO S/A,33000167085263,RECAP,SUDESTE,São Paulo,MAUA,10000,9621,96
01/2019,PETROLEO BRASILEIRO S/A,33000167008862,REDUC,SUDESTE,Rio de Janeiro,DUQUE DE CAXIAS,40000,29705,74
02/2019,PETROLEO BRASILEIRO S/A,33000167008862,REDUC,SUDESTE,Rio de Janeiro,DUQUE DE CAXIAS,40000,27571,69
03/2019,PETROLEO BRASILEIRO S/A,33000167008862,REDUC,SUDESTE,Rio de Janeiro,DUQUE DE CAXIAS,40000,29411,74
04/2019,PETROLEO BRASILEIRO S/A,33000167008862,REDUC,SUDESTE,Rio de Janeiro,DUQUE DE CAXIAS,40000,27328,68
05/2019,PETROLEO BRASILEIRO S/A,33000167008862,REDUC,SUDESTE,Rio de Janeiro,DUQUE DE CAXIAS,40000,31076,78
06/2019,PETROLEO BRASILEIRO S/A,33000167008862,REDUC,SUDESTE,Rio de Janeiro,DUQUE DE CAXIAS,40000,29318,73
07/2019,PETROLEO BRASILEIRO S/A,33000167008862,REDUC,SUDESTE,Rio de Janeiro,DUQUE DE CAXIAS,40000,32006,80
08/2019,PETROLEO BRASILEIRO S/A,33000167008862,REDUC,SUDESTE,Rio de Janeiro,DUQUE DE CAXIAS,40000,29197,73
09/2019,PETROLEO BRASILEIRO S/A,33000167008862,REDUC,SUDESTE,Rio de Janeiro,DUQUE DE CAXIAS,40000,31215,78
10/2019,PETROLEO BRASILEIRO S/A,33000167008862,REDUC,SUDESTE,Rio de Janeiro,DUQUE DE CAXIAS,40000,33773,84
11/2019,PETROLEO BRASILEIRO S/A,33000167008862,REDUC,SUDESTE,Rio de Janeiro,DUQUE DE CAXIAS,40000,35207,88
12/2019,PETROLEO BRASILEIRO S/A,33000167008862,REDUC,SUDESTE,Rio de Janeiro,DUQUE DE CAXIAS,40000,30604,77
01/2020,PETROLEO BRASILEIRO S/A,33000167008862,REDUC,SUDESTE,Rio de Janeiro,DUQUE DE CAXIAS,40000,31378,78
02/2020,PETROLEO BRASILEIRO S/A,33000167008862,REDUC,SUDESTE,Rio de Janeiro,DUQUE DE CAXIAS,40000,31040,78
03/2020,PETROLEO BRASILEIRO S/A,33000167008862,REDUC,SUDESTE,Rio de Janeiro,DUQUE DE CAXIAS,40000,33400,84
04/2020,PETROLEO BRASILEIRO S/A,33000167008862,REDUC,SUDESTE,Rio de Janeiro,DUQUE DE CAXIAS,40000,24557,61
05/2020,PETROLEO BRASILEIRO S/A,33000167008862,REDUC,SUDESTE,Rio de Janeiro,DUQUE DE CAXIAS,40000,31047,78
06/2020,PETROLEO BRASILEIRO S/A,33000167008862,REDUC,SUDESTE,Rio de Janeiro,DUQUE DE CAXIAS,40000,25715,64
07/2020,PETROLEO BRASILEIRO S/A,33000167008862,REDUC,SUDESTE,Rio de Janeiro,DUQUE DE CAXIAS,40000,28397,71
08/2020,PETROLEO BRASILEIRO S/A,33000167008862,REDUC,SUDESTE,Rio de Janeiro,DUQUE DE CAXIAS,40000,28306,71
09/2020,PETROLEO BRASILEIRO S/A,33000167008862,REDUC,SUDESTE,Rio de Janeiro,DUQUE DE CAXIAS,40000,29651,74
10/2020,PETROLEO BRASILEIRO S/A,33000167008862,REDUC,SUDESTE,Rio de Janeiro,DUQUE DE CAXIAS,40000,26009,65
11/2020,PETROLEO BRASILEIRO S/A,33000167008862,REDUC,SUDESTE,Rio de Janeiro,DUQUE DE CAXIAS,40000,27758,69
12/2020,PETROLEO BRASILEIRO S/A,33000167008862,REDUC,SUDESTE,Rio de Janeiro,DUQUE DE CAXIAS,40000,29996,75
01/2021,PETROLEO BRASILEIRO S/A,33000167008862,REDUC,SUDESTE,Rio de Janeiro,DUQUE DE CAXIAS,40000,29334,73
02/2021,PETROLEO BRASILEIRO S/A,33000167008862,REDUC,SUDESTE,Rio de Janeiro,DUQUE DE CAXIAS,40000,32875,82
03/2021,PETROLEO BRASILEIRO S/A,33000167008862,REDUC,SUDESTE,Rio de Janeiro,DUQUE DE CAXIAS,40000,21284,53
04/2021,PETROLEO BRASILEIRO S/A,33000167008862,REDUC,SUDESTE,Rio de Janeiro,DUQUE DE CAXIAS,40000,15294,38
05/2021,PETROLEO BRASILEIRO S/A,33000167008862,REDUC,SUDESTE,Rio de Janeiro,DUQUE DE CAXIAS,40000,30141,75
06/2021,PETROLEO BRASILEIRO S/A,33000167008862,REDUC,SUDESTE,Rio de Janeiro,DUQUE DE CAXIAS,40000,34400,86
07/2021,PETROLEO BRASILEIRO S/A,33000167008862,REDUC,SUDESTE,Rio de Janeiro,DUQUE DE CAXIAS,40000,31052,78
08/2021,PETROLEO BRASILEIRO S/A,33000167008862,REDUC,SUDESTE,Rio de Janeiro,DUQUE DE CAXIAS,40000,29360,73
09/2021,PETROLEO BRASILEIRO S/A,33000167008862,REDUC,SUDESTE,Rio de Janeiro,DUQUE DE CAXIAS,40000,34105,85
10/2021,PETROLEO BRASILEIRO S/A,33000167008862,REDUC,SUDESTE,Rio de Janeiro,DUQUE DE CAXIAS,40000,35359,88
11/2021,PETROLEO BRASILEIRO S/A,33000167008862,REDUC,SUDESTE,Rio de Janeiro,DUQUE DE CAXIAS,40000,33449,84
12/2021,PETROLEO BRASILEIRO S/A,33000167008862,REDUC,SUDESTE,Rio de Janeiro,DUQUE DE CAXIAS,40000,33856,85
01/2022,PETROLEO BRASILEIRO S/A,33000167008862,REDUC,SUDESTE,Rio de Janeiro,DUQUE DE CAXIAS,40000,29189,73
02/2022,PETROLEO BRASILEIRO S/A,33000167008862,REDUC,SUDESTE,Rio de Janeiro,DUQUE DE CAXIAS,40000,29118,73
03/2022,PETROLEO BRASILEIRO S/A,33000167008862,REDUC,SUDESTE,Rio de Janeiro,DUQUE DE CAXIAS,40000,29114,73
04/2022,PETROLEO BRASILEIRO S/A,33000167008862,REDUC,SUDESTE,Rio de Janeiro,DUQUE DE CAXIAS,40000,33672,84
05/2022,PETROLEO BRASILEIRO S/A,33000167008862,REDUC,SUDESTE,Rio de Janeiro,DUQUE DE CAXIAS,40000,31196,78
06/2022,PETROLEO BRASILEIRO S/A,33000167008862,REDUC,SUDESTE,Rio de Janeiro,DUQUE DE CAXIAS,40000,31187,78
07/2022,PETROLEO BRASILEIRO S/A,33000167008862,REDUC,SUDESTE,Rio de Janeiro,DUQUE DE CAXIAS,40000,36737,92
08/2022,PETROLEO BRASILEIRO S/A,33000167008862,REDUC,SUDESTE,Rio de Janeiro,DUQUE DE CAXIAS,40000,35676,89
09/2022,PETROLEO BRASILEIRO S/A,33000167008862,REDUC,SUDESTE,Rio de Janeiro,DUQUE DE CAXIAS,40000,36902,92
10/2022,PETROLEO BRASILEIRO S/A,33000167008862,REDUC,SUDESTE,Rio de Janeiro,DUQUE DE CAXIAS,40000,34838,87
11/2022,PETROLEO BRASILEIRO S/A,33000167008862,REDUC,SUDESTE,Rio de Janeiro,DUQUE DE CAXIAS,40000,32696,82
12/2022,PETROLEO BRASILEIRO S/A,33000167008862,REDUC,SUDESTE,Rio de Janeiro,DUQUE DE CAXIAS,40000,35321,88
01/2023,PETROLEO BRASILEIRO S/A,33000167008862,REDUC,SUDESTE,Rio de Janeiro,DUQUE DE CAXIAS,40000,35060,88
02/2023,PETROLEO BRASILEIRO S/A,33000167008862,REDUC,SUDESTE,Rio de Janeiro,DUQUE DE CAXIAS,40000,38280,96
03/2023,PETROLEO BRASILEIRO S/A,33000167008862,REDUC,SUDESTE,Rio de Janeiro,DUQUE DE CAXIAS,40000,36189,90
04/2023,PETROLEO BRASILEIRO S/A,33000167008862,REDUC,SUDESTE,Rio de Janeiro,DUQUE DE CAXIAS,40000,34667,87
05/2023,PETROLEO BRASILEIRO S/A,33000167008862,REDUC,SUDESTE,Rio de Janeiro,DUQUE DE CAXIAS,40000,37158,93
06/2023,PETROLEO BRASILEIRO S/A,33000167008862,REDUC,SUDESTE,Rio de Janeiro,DUQUE DE CAXIAS,40000,37393,93
07/2023,PETROLEO BRASILEIRO S/A,33000167008862,REDUC,SUDESTE,Rio de Janeiro,DUQUE DE CAXIAS,40000,31882,80
08/2023,PETROLEO BRASILEIRO S/A,33000167008862,REDUC,SUDESTE,Rio de Janeiro,DUQUE DE CAXIAS,40000,36877,92
01/2019,PETROLEO BRASILEIRO S/A,33000167010255,REFAP,SUL,Rio Grande do Sul,CANOAS,35000,22047,63
02/2019,PETROLEO BRASILEIRO S/A,33000167010255,REFAP,SUL,Rio Grande do Sul,CANOAS,35000,23267,66
03/2019,PETROLEO BRASILEIRO S/A,33000167010255,REFAP,SUL,Rio Grande do Sul,CANOAS,35000,20517,59
04/2019,PETROLEO BRASILEIRO S/A,33000167010255,REFAP,SUL,Rio Grande do Sul,CANOAS,35000,23948,68
05/2019,PETROLEO BRASILEIRO S/A,33000167010255,REFAP,SUL,Rio Grande do Sul,CANOAS,35000,20766,59
06/2019,PETROLEO BRASILEIRO S/A,33000167010255,REFAP,SUL,Rio Grande do Sul,CANOAS,35000,23903,68
07/2019,PETROLEO BRASILEIRO S/A,33000167010255,REFAP,SUL,Rio Grande do Sul,CANOAS,35000,22536,64
08/2019,PETROLEO BRASILEIRO S/A,33000167010255,REFAP,SUL,Rio Grande do Sul,CANOAS,35000,23454,67
09/2019,PETROLEO BRASILEIRO S/A,33000167010255,REFAP,SUL,Rio Grande do Sul,CANOAS,35000,23847,68
10/2019,PETROLEO BRASILEIRO S/A,33000167010255,REFAP,SUL,Rio Grande do Sul,CANOAS,35000,21593,62
11/2019,PETROLEO BRASILEIRO S/A,33000167010255,REFAP,SUL,Rio Grande do Sul,CANOAS,35000,21332,61
12/2019,PETROLEO BRASILEIRO S/A,33000167010255,REFAP,SUL,Rio Grande do Sul,CANOAS,35000,23068,66
01/2020,PETROLEO BRASILEIRO S/A,33000167010255,REFAP,SUL,Rio Grande do Sul,CANOAS,35000,22004,63
02/2020,PETROLEO BRASILEIRO S/A,33000167010255,REFAP,SUL,Rio Grande do Sul,CANOAS,35000,24745,71
03/2020,PETROLEO BRASILEIRO S/A,33000167010255,REFAP,SUL,Rio Grande do Sul,CANOAS,35000,24257,69
04/2020,PETROLEO BRASILEIRO S/A,33000167010255,REFAP,SUL,Rio Grande do Sul,CANOAS,35000,17687,51
05/2020,PETROLEO BRASILEIRO S/A,33000167010255,REFAP,SUL,Rio Grande do Sul,CANOAS,35000,24176,69
06/2020,PETROLEO BRASILEIRO S/A,33000167010255,REFAP,SUL,Rio Grande do Sul,CANOAS,35000,24093,69
07/2020,PETROLEO BRASILEIRO S/A,33000167010255,REFAP,SUL,Rio Grande do Sul,CANOAS,35000,20016,57
08/2020,PETROLEO BRASILEIRO S/A,33000167010255,REFAP,SUL,Rio Grande do Sul,CANOAS,35000,23632,68
09/2020,PETROLEO BRASILEIRO S/A,33000167010255,REFAP,SUL,Rio Grande do Sul,CANOAS,35000,18818,54
10/2020,PETROLEO BRASILEIRO S/A,33000167010255,REFAP,SUL,Rio Grande do Sul,CANOAS,35000,21334,61
11/2020,PETROLEO BRASILEIRO S/A,33000167010255,REFAP,SUL,Rio Grande do Sul,CANOAS,35000,20910,60
12/2020,PETROLEO BRASILEIRO S/A,33000167010255,REFAP,SUL,Rio Grande do Sul,CANOAS,35000,16920,48
01/2021,PETROLEO BRASILEIRO S/A,33000167010255,REFAP,SUL,Rio Grande do Sul,CANOAS,35000,14790,42
02/2021,PETROLEO BRASILEIRO S/A,33000167010255,REFAP,SUL,Rio Grande do Sul,CANOAS,35000,24204,69
03/2021,PETROLEO BRASILEIRO S/A,33000167010255,REFAP,SUL,Rio Grande do Sul,CANOAS,35000,22890,65
04/2021,PETROLEO BRASILEIRO S/A,33000167010255,REFAP,SUL,Rio Grande do Sul,CANOAS,35000,22704,65
05/2021,PETROLEO BRASILEIRO S/A,33000167010255,REFAP,SUL,Rio Grande do Sul,CANOAS,35000,26279,75
06/2021,PETROLEO BRASILEIRO S/A,33000167010255,REFAP,SUL,Rio Grande do Sul,CANOAS,35000,27214,78
07/2021,PETROLEO BRASILEIRO S/A,33000167010255,REFAP,SUL,Rio Grande do Sul,CANOAS,35000,26322,75
08/2021,PETROLEO BRASILEIRO S/A,33000167010255,REFAP,SUL,Rio Grande do Sul,CANOAS,35000,24592,70
09/2021,PETROLEO BRASILEIRO S/A,33000167010255,REFAP,SUL,Rio Grande do Sul,CANOAS,35000,24950,71
10/2021,PETROLEO BRASILEIRO S/A,33000167010255,REFAP,SUL,Rio Grande do Sul,CANOAS,35000,23654,68
11/2021,PETROLEO BRASILEIRO S/A,33000167010255,REFAP,SUL,Rio Grande do Sul,CANOAS,35000,25563,73
12/2021,PETROLEO BRASILEIRO S/A,33000167010255,REFAP,SUL,Rio Grande do Sul,CANOAS,35000,26753,76
01/2022,PETROLEO BRASILEIRO S/A,33000167010255,REFAP,SUL,Rio Grande do Sul,CANOAS,35000,21849,62
02/2022,PETROLEO BRASILEIRO S/A,33000167010255,REFAP,SUL,Rio Grande do Sul,CANOAS,35000,20928,60
03/2022,PETROLEO BRASILEIRO S/A,33000167010255,REFAP,SUL,Rio Grande do Sul,CANOAS,35000,24891,71
04/2022,PETROLEO BRASILEIRO S/A,33000167010255,REFAP,SUL,Rio Grande do Sul,CANOAS,35000,26778,77
05/2022,PETROLEO BRASILEIRO S/A,33000167010255,REFAP,SUL,Rio Grande do Sul,CANOAS,35000,27161,78
06/2022,PETROLEO BRASILEIRO S/A,33000167010255,REFAP,SUL,Rio Grande do Sul,CANOAS,35000,28150,80
07/2022,PETROLEO BRASILEIRO S/A,33000167010255,REFAP,SUL,Rio Grande do Sul,CANOAS,35000,27578,79
08/2022,PETROLEO BRASILEIRO S/A,33000167010255,REFAP,SUL,Rio Grande do Sul,CANOAS,35000,29689,85
09/2022,PETROLEO BRASILEIRO S/A,33000167010255,REFAP,SUL,Rio Grande do Sul,CANOAS,35000,28764,82
10/2022,PETROLEO BRASILEIRO S/A,33000167010255,REFAP,SUL,Rio Grande do Sul,CANOAS,35000,25859,74
11/2022,PETROLEO BRASILEIRO S/A,33000167010255,REFAP,SUL,Rio Grande do Sul,CANOAS,35000,26407,75
12/2022,PETROLEO BRASILEIRO S/A,33000167010255,REFAP,SUL,Rio Grande do Sul,CANOAS,35000,26747,76
01/2023,PETROLEO BRASILEIRO S/A,33000167010255,REFAP,SUL,Rio Grande do Sul,CANOAS,35000,19840,57
02/2023,PETROLEO BRASILEIRO S/A,33000167010255,REFAP,SUL,Rio Grande do Sul,CANOAS,35000,6155,18
03/2023,PETROLEO BRASILEIRO S/A,33000167010255,REFAP,SUL,Rio Grande do Sul,CANOAS,35000,14004,40
04/2023,PETROLEO BRASILEIRO S/A,33000167010255,REFAP,SUL,Rio Grande do Sul,CANOAS,35000,23700,68
05/2023,PETROLEO BRASILEIRO S/A,33000167010255,REFAP,SUL,Rio Grande do Sul,CANOAS,35000,24597,70
06/2023,PETROLEO BRASILEIRO S/A,33000167010255,REFAP,SUL,Rio Grande do Sul,CANOAS,35000,27724,79
07/2023,PETROLEO BRASILEIRO S/A,33000167010255,REFAP,SUL,Rio Grande do Sul,CANOAS,35000,26980,77
08/2023,PETROLEO BRASILEIRO S/A,33000167010255,REFAP,SUL,Rio Grande do Sul,CANOAS,35000,29809,85
10/2021,REFINARIA DE MATARIPE S.A.,41777706000141,REFMAT,NORDESTE,Bahia,SAO FRANCISCO DO CONDE,60000,40495,67
11/2021,REFINARIA DE MATARIPE S.A.,41777706000141,REFMAT,NORDESTE,Bahia,SAO FRANCISCO DO CONDE,60000,41458,69
12/2021,REFINARIA DE MATARIPE S.A.,41777706000141,REFMAT,NORDESTE,Bahia,SAO FRANCISCO DO CONDE,60000,41501,69
01/2022,REFINARIA DE MATARIPE S.A.,41777706000141,REFMAT,NORDESTE,Bahia,SAO FRANCISCO DO CONDE,60000,36903,62
02/2022,REFINARIA DE MATARIPE S.A.,41777706000141,REFMAT,NORDESTE,Bahia,SAO FRANCISCO DO CONDE,60000,42171,70
03/2022,REFINARIA DE MATARIPE S.A.,41777706000141,REFMAT,NORDESTE,Bahia,SAO FRANCISCO DO CONDE,60000,42845,71
04/2022,REFINARIA DE MATARIPE S.A.,41777706000141,REFMAT,NORDESTE,Bahia,SAO FRANCISCO DO CONDE,60000,37666,63
05/2022,REFINARIA DE MATARIPE S.A.,41777706000141,REFMAT,NORDESTE,Bahia,SAO FRANCISCO DO CONDE,60000,39621,66
06/2022,REFINARIA DE MATARIPE S.A.,41777706000141,REFMAT,NORDESTE,Bahia,SAO FRANCISCO DO CONDE,60000,43186,72
07/2022,REFINARIA DE MATARIPE S.A.,41777706000141,REFMAT,NORDESTE,Bahia,SAO FRANCISCO DO CONDE,60000,41259,69
08/2022,REFINARIA DE MATARIPE S.A.,41777706000141,REFMAT,NORDESTE,Bahia,SAO FRANCISCO DO CONDE,60000,40329,67
09/2022,REFINARIA DE MATARIPE S.A.,41777706000141,REFMAT,NORDESTE,Bahia,SAO FRANCISCO DO CONDE,60000,41815,70
10/2022,REFINARIA DE MATARIPE S.A.,41777706000141,REFMAT,NORDESTE,Bahia,SAO FRANCISCO DO CONDE,60000,39371,66
11/2022,REFINARIA DE MATARIPE S.A.,41777706000141,REFMAT,NORDESTE,Bahia,SAO FRANCISCO DO CONDE,60000,34569,58
12/2022,REFINARIA DE MATARIPE S.A.,41777706000141,REFMAT,NORDESTE,Bahia,SAO FRANCISCO DO CONDE,60000,35904,60
01/2023,REFINARIA DE MATARIPE S.A.,41777706000141,REFMAT,NORDESTE,Bahia,SAO FRANCISCO DO CONDE,60000,51774,86
02/2023,REFINARIA DE MATARIPE S.A.,41777706000141,REFMAT,NORDESTE,Bahia,SAO FRANCISCO DO CONDE,60000,49645,83
03/2023,REFINARIA DE MATARIPE S.A.,41777706000141,REFMAT,NORDESTE,Bahia,SAO FRANCISCO DO CONDE,60000,41204,69
04/2023,REFINARIA DE MATARIPE S.A.,41777706000141,REFMAT,NORDESTE,Bahia,SAO FRANCISCO DO CONDE,60000,41608,69
05/2023,REFINARIA DE MATARIPE S.A.,41777706000141,REFMAT,NORDESTE,Bahia,SAO FRANCISCO DO CONDE,60000,38708,65
06/2023,REFINARIA DE MATARIPE S.A.,41777706000141,REFMAT,NORDESTE,Bahia,SAO FRANCISCO DO CONDE,60000,41082,68
07/2023,REFINARIA DE MATARIPE S.A.,41777706000141,REFMAT,NORDESTE,Bahia,SAO FRANCISCO DO CONDE,60000,38679,64
08/2023,REFINARIA DE MATARIPE S.A.,41777706000141,REFMAT,NORDESTE,Bahia,SAO FRANCISCO DO CONDE,60000,32279,54
01/2019,PETROLEO BRASILEIRO S/A,33000167009320,REGAP,SUDESTE,Minas Gerais,BETIM,26400,21948,83
02/2019,PETROLEO BRASILEIRO S/A,33000167009320,REGAP,SUDESTE,Minas Gerais,BETIM,26400,22879,87
03/2019,PETROLEO BRASILEIRO S/A,33000167009320,REGAP,SUDESTE,Minas Gerais,BETIM,26400,22143,84
04/2019,PETROLEO BRASILEIRO S/A,33000167009320,REGAP,SUDESTE,Minas Gerais,BETIM,26400,22976,87
05/2019,PETROLEO BRASILEIRO S/A,33000167009320,REGAP,SUDESTE,Minas Gerais,BETIM,26400,22617,86
06/2019,PETROLEO BRASILEIRO S/A,33000167009320,REGAP,SUDESTE,Minas Gerais,BETIM,26400,23995,91
07/2019,PETROLEO BRASILEIRO S/A,33000167009320,REGAP,SUDESTE,Minas Gerais,BETIM,26400,23952,91
08/2019,PETROLEO BRASILEIRO S/A,33000167009320,REGAP,SUDESTE,Minas Gerais,BETIM,26400,24913,94
09/2019,PETROLEO BRASILEIRO S/A,33000167009320,REGAP,SUDESTE,Minas Gerais,BETIM,26400,23901,91
10/2019,PETROLEO BRASILEIRO S/A,33000167009320,REGAP,SUDESTE,Minas Gerais,BETIM,26400,14772,56
11/2019,PETROLEO BRASILEIRO S/A,33000167009320,REGAP,SUDESTE,Minas Gerais,BETIM,26400,18833,71
12/2019,PETROLEO BRASILEIRO S/A,33000167009320,REGAP,SUDESTE,Minas Gerais,BETIM,26400,21824,83
01/2020,PETROLEO BRASILEIRO S/A,33000167009320,REGAP,SUDESTE,Minas Gerais,BETIM,26400,22005,83
02/2020,PETROLEO BRASILEIRO S/A,33000167009320,REGAP,SUDESTE,Minas Gerais,BETIM,26400,21180,80
03/2020,PETROLEO BRASILEIRO S/A,33000167009320,REGAP,SUDESTE,Minas Gerais,BETIM,26400,19737,75
04/2020,PETROLEO BRASILEIRO S/A,33000167009320,REGAP,SUDESTE,Minas Gerais,BETIM,26400,11106,42
05/2020,PETROLEO BRASILEIRO S/A,33000167009320,REGAP,SUDESTE,Minas Gerais,BETIM,26400,14177,54
06/2020,PETROLEO BRASILEIRO S/A,33000167009320,REGAP,SUDESTE,Minas Gerais,BETIM,26400,19823,75
07/2020,PETROLEO BRASILEIRO S/A,33000167009320,REGAP,SUDESTE,Minas Gerais,BETIM,26400,20189,76
08/2020,PETROLEO BRASILEIRO S/A,33000167009320,REGAP,SUDESTE,Minas Gerais,BETIM,26400,21334,81
09/2020,PETROLEO BRASILEIRO S/A,33000167009320,REGAP,SUDESTE,Minas Gerais,BETIM,26400,21510,81
10/2020,PETROLEO BRASILEIRO S/A,33000167009320,REGAP,SUDESTE,Minas Gerais,BETIM,26400,22905,87
11/2020,PETROLEO BRASILEIRO S/A,33000167009320,REGAP,SUDESTE,Minas Gerais,BETIM,26400,22063,84
12/2020,PETROLEO BRASILEIRO S/A,33000167009320,REGAP,SUDESTE,Minas Gerais,BETIM,26400,21764,82
01/2021,PETROLEO BRASILEIRO S/A,33000167009320,REGAP,SUDESTE,Minas Gerais,BETIM,26400,21173,80
02/2021,PETROLEO BRASILEIRO S/A,33000167009320,REGAP,SUDESTE,Minas Gerais,BETIM,26400,21501,81
03/2021,PETROLEO BRASILEIRO S/A,33000167009320,REGAP,SUDESTE,Minas Gerais,BETIM,26400,17147,65
04/2021,PETROLEO BRASILEIRO S/A,33000167009320,REGAP,SUDESTE,Minas Gerais,BETIM,26400,18375,70
05/2021,PETROLEO BRASILEIRO S/A,33000167009320,REGAP,SUDESTE,Minas Gerais,BETIM,26400,19324,73
06/2021,PETROLEO BRASILEIRO S/A,33000167009320,REGAP,SUDESTE,Minas Gerais,BETIM,26400,21843,83
07/2021,PETROLEO BRASILEIRO S/A,33000167009320,REGAP,SUDESTE,Minas Gerais,BETIM,26400,22478,85
08/2021,PETROLEO BRASILEIRO S/A,33000167009320,REGAP,SUDESTE,Minas Gerais,BETIM,26400,24727,94
09/2021,PETROLEO BRASILEIRO S/A,33000167009320,REGAP,SUDESTE,Minas Gerais,BETIM,26400,24664,93
10/2021,PETROLEO BRASILEIRO S/A,33000167009320,REGAP,SUDESTE,Minas Gerais,BETIM,26400,24624,93
11/2021,PETROLEO BRASILEIRO S/A,33000167009320,REGAP,SUDESTE,Minas Gerais,BETIM,26400,24094,91
12/2021,PETROLEO BRASILEIRO S/A,33000167009320,REGAP,SUDESTE,Minas Gerais,BETIM,26400,22227,84
01/2022,PETROLEO BRASILEIRO S/A,33000167009320,REGAP,SUDESTE,Minas Gerais,BETIM,26400,20382,77
02/2022,PETROLEO BRASILEIRO S/A,33000167009320,REGAP,SUDESTE,Minas Gerais,BETIM,26400,20851,79
03/2022,PETROLEO BRASILEIRO S/A,33000167009320,REGAP,SUDESTE,Minas Gerais,BETIM,26400,22551,85
04/2022,PETROLEO BRASILEIRO S/A,33000167009320,REGAP,SUDESTE,Minas Gerais,BETIM,26400,24335,92
05/2022,PETROLEO BRASILEIRO S/A,33000167009320,REGAP,SUDESTE,Minas Gerais,BETIM,26400,23899,91
06/2022,PETROLEO BRASILEIRO S/A,33000167009320,REGAP,SUDESTE,Minas Gerais,BETIM,26400,25999,98
07/2022,PETROLEO BRASILEIRO S/A,33000167009320,REGAP,SUDESTE,Minas Gerais,BETIM,26400,24715,94
08/2022,PETROLEO BRASILEIRO S/A,33000167009320,REGAP,SUDESTE,Minas Gerais,BETIM,26400,24421,93
09/2022,PETROLEO BRASILEIRO S/A,33000167009320,REGAP,SUDESTE,Minas Gerais,BETIM,26400,24816,94
10/2022,PETROLEO BRASILEIRO S/A,33000167009320,REGAP,SUDESTE,Minas Gerais,BETIM,26400,24683,93
11/2022,PETROLEO BRASILEIRO S/A,33000167009320,REGAP,SUDESTE,Minas Gerais,BETIM,26400,23287,88
12/2022,PETROLEO BRASILEIRO S/A,33000167009320,REGAP,SUDESTE,Minas Gerais,BETIM,26400,23729,90
01/2023,PETROLEO BRASILEIRO S/A,33000167009320,REGAP,SUDESTE,Minas Gerais,BETIM,26400,22641,86
02/2023,PETROLEO BRASILEIRO S/A,33000167009320,REGAP,SUDESTE,Minas Gerais,BETIM,26400,24909,94
03/2023,PETROLEO BRASILEIRO S/A,33000167009320,REGAP,SUDESTE,Minas Gerais,BETIM,26400,24455,93
04/2023,PETROLEO BRASILEIRO S/A,33000167009320,REGAP,SUDESTE,Minas Gerais,BETIM,26400,25135,95
05/2023,PETROLEO BRASILEIRO S/A,33000167009320,REGAP,SUDESTE,Minas Gerais,BETIM,26400,25617,97
06/2023,PETROLEO BRASILEIRO S/A,33000167009320,REGAP,SUDESTE,Minas Gerais,BETIM,26400,25966,98
07/2023,PETROLEO BRASILEIRO S/A,33000167009320,REGAP,SUDESTE,Minas Gerais,BETIM,26400,26000,98
08/2023,PETROLEO BRASILEIRO S/A,33000167009320,REGAP,SUDESTE,Minas Gerais,BETIM,26400,25669,97
01/2019,PETROLEO BRASILEIRO S/A,33000167079379,REMAN,NORTE,Amazonas,MANAUS,7300,5248,72
02/2019,PETROLEO BRASILEIRO S/A,33000167079379,REMAN,NORTE,Amazonas,MANAUS,7300,5168,71
03/2019,PETROLEO BRASILEIRO S/A,33000167079379,REMAN,NORTE,Amazonas,MANAUS,7300,5217,71
04/2019,PETROLEO BRASILEIRO S/A,33000167079379,REMAN,NORTE,Amazonas,MANAUS,7300,4971,68
05/2019,PETROLEO BRASILEIRO S/A,33000167079379,REMAN,NORTE,Amazonas,MANAUS,7300,5039,69
06/2019,PETROLEO BRASILEIRO S/A,33000167079379,REMAN,NORTE,Amazonas,MANAUS,7300,4917,67
07/2019,PETROLEO BRASILEIRO S/A,33000167079379,REMAN,NORTE,Amazonas,MANAUS,7300,4962,68
08/2019,PETROLEO BRASILEIRO S/A,33000167079379,REMAN,NORTE,Amazonas,MANAUS,7300,5111,70
09/2019,PETROLEO BRASILEIRO S/A,33000167079379,REMAN,NORTE,Amazonas,MANAUS,7300,5244,72
10/2019,PETROLEO BRASILEIRO S/A,33000167079379,REMAN,NORTE,Amazonas,MANAUS,7300,4996,68
11/2019,PETROLEO BRASILEIRO S/A,33000167079379,REMAN,NORTE,Amazonas,MANAUS,7300,4860,67
12/2019,PETROLEO BRASILEIRO S/A,33000167079379,REMAN,NORTE,Amazonas,MANAUS,7300,4827,66
01/2020,PETROLEO BRASILEIRO S/A,33000167079379,REMAN,NORTE,Amazonas,MANAUS,7300,5330,73
02/2020,PETROLEO BRASILEIRO S/A,33000167079379,REMAN,NORTE,Amazonas,MANAUS,7300,5950,82
03/2020,PETROLEO BRASILEIRO S/A,33000167079379,REMAN,NORTE,Amazonas,MANAUS,7300,5370,74
04/2020,PETROLEO BRASILEIRO S/A,33000167079379,REMAN,NORTE,Amazonas,MANAUS,7300,1596,22
05/2020,PETROLEO BRASILEIRO S/A,33000167079379,REMAN,NORTE,Amazonas,MANAUS,7300,1257,17
06/2020,PETROLEO BRASILEIRO S/A,33000167079379,REMAN,NORTE,Amazonas,MANAUS,7300,2968,41
07/2020,PETROLEO BRASILEIRO S/A,33000167079379,REMAN,NORTE,Amazonas,MANAUS,7300,4913,67
08/2020,PETROLEO BRASILEIRO S/A,33000167079379,REMAN,NORTE,Amazonas,MANAUS,7300,4983,68
09/2020,PETROLEO BRASILEIRO S/A,33000167079379,REMAN,NORTE,Amazonas,MANAUS,7300,5104,70
10/2020,PETROLEO BRASILEIRO S/A,33000167079379,REMAN,NORTE,Amazonas,MANAUS,7300,4921,67
11/2020,PETROLEO BRASILEIRO S/A,33000167079379,REMAN,NORTE,Amazonas,MANAUS,7300,4729,65
12/2020,PETROLEO BRASILEIRO S/A,33000167079379,REMAN,NORTE,Amazonas,MANAUS,7300,4828,66
01/2021,PETROLEO BRASILEIRO S/A,33000167079379,REMAN,NORTE,Amazonas,MANAUS,7300,4755,65
02/2021,PETROLEO BRASILEIRO S/A,33000167079379,REMAN,NORTE,Amazonas,MANAUS,7300,4743,65
03/2021,PETROLEO BRASILEIRO S/A,33000167079379,REMAN,NORTE,Amazonas,MANAUS,7300,4057,56
04/2021,PETROLEO BRASILEIRO S/A,33000167079379,REMAN,NORTE,Amazonas,MANAUS,7300,4979,68
05/2021,PETROLEO BRASILEIRO S/A,33000167079379,REMAN,NORTE,Amazonas,MANAUS,7300,4800,66
06/2021,PETROLEO BRASILEIRO S/A,33000167079379,REMAN,NORTE,Amazonas,MANAUS,7300,4759,65
07/2021,PETROLEO BRASILEIRO S/A,33000167079379,REMAN,NORTE,Amazonas,MANAUS,7300,4830,66
08/2021,PETROLEO BRASILEIRO S/A,33000167079379,REMAN,NORTE,Amazonas,MANAUS,7300,5000,68
09/2021,PETROLEO BRASILEIRO S/A,33000167079379,REMAN,NORTE,Amazonas,MANAUS,7300,4988,68
10/2021,PETROLEO BRASILEIRO S/A,33000167079379,REMAN,NORTE,Amazonas,MANAUS,7300,5268,72
11/2021,PETROLEO BRASILEIRO S/A,33000167079379,REMAN,NORTE,Amazonas,MANAUS,7300,5005,69
12/2021,PETROLEO BRASILEIRO S/A,33000167079379,REMAN,NORTE,Amazonas,MANAUS,7300,4823,66
01/2022,PETROLEO BRASILEIRO S/A,33000167079379,REMAN,NORTE,Amazonas,MANAUS,7300,4802,66
02/2022,PETROLEO BRASILEIRO S/A,33000167079379,REMAN,NORTE,Amazonas,MANAUS,7300,4780,65
03/2022,PETROLEO BRASILEIRO S/A,33000167079379,REMAN,NORTE,Amazonas,MANAUS,7300,4833,66
04/2022,PETROLEO BRASILEIRO S/A,33000167079379,REMAN,NORTE,Amazonas,MANAUS,7300,5263,72
05/2022,PETROLEO BRASILEIRO S/A,33000167079379,REMAN,NORTE,Amazonas,MANAUS,7300,4813,66
06/2022,PETROLEO BRASILEIRO S/A,33000167079379,REMAN,NORTE,Amazonas,MANAUS,7300,4858,67
07/2022,PETROLEO BRASILEIRO S/A,33000167079379,REMAN,NORTE,Amazonas,MANAUS,7300,5148,71
08/2022,PETROLEO BRASILEIRO S/A,33000167079379,REMAN,NORTE,Amazonas,MANAUS,7300,5328,73
01/2019,PETROLEO BRASILEIRO S/A,33000167080970,REPAR,SUL,Paraná,ARAUCARIA,34000,25893,76
02/2019,PETROLEO BRASILEIRO S/A,33000167080970,REPAR,SUL,Paraná,ARAUCARIA,34000,23403,69
03/2019,PETROLEO BRASILEIRO S/A,33000167080970,REPAR,SUL,Paraná,ARAUCARIA,34000,26621,78
04/2019,PETROLEO BRASILEIRO S/A,33000167080970,REPAR,SUL,Paraná,ARAUCARIA,34000,25059,74
05/2019,PETROLEO BRASILEIRO S/A,33000167080970,REPAR,SUL,Paraná,ARAUCARIA,34000,24750,73
06/2019,PETROLEO BRASILEIRO S/A,33000167080970,REPAR,SUL,Paraná,ARAUCARIA,34000,28415,84
07/2019,PETROLEO BRASILEIRO S/A,33000167080970,REPAR,SUL,Paraná,ARAUCARIA,34000,28294,83
08/2019,PETROLEO BRASILEIRO S/A,33000167080970,REPAR,SUL,Paraná,ARAUCARIA,34000,30714,90
09/2019,PETROLEO BRASILEIRO S/A,33000167080970,REPAR,SUL,Paraná,ARAUCARIA,34000,29721,87
10/2019,PETROLEO BRASILEIRO S/A,33000167080970,REPAR,SUL,Paraná,ARAUCARIA,34000,27321,80
11/2019,PETROLEO BRASILEIRO S/A,33000167080970,REPAR,SUL,Paraná,ARAUCARIA,34000,22522,66
12/2019,PETROLEO BRASILEIRO S/A,33000167080970,REPAR,SUL,Paraná,ARAUCARIA,34000,28545,84
01/2020,PETROLEO BRASILEIRO S/A,33000167080970,REPAR,SUL,Paraná,ARAUCARIA,34000,28282,83
02/2020,PETROLEO BRASILEIRO S/A,33000167080970,REPAR,SUL,Paraná,ARAUCARIA,34000,28957,85
03/2020,PETROLEO BRASILEIRO S/A,33000167080970,REPAR,SUL,Paraná,ARAUCARIA,34000,26679,78
04/2020,PETROLEO BRASILEIRO S/A,33000167080970,REPAR,SUL,Paraná,ARAUCARIA,34000,20069,59
05/2020,PETROLEO BRASILEIRO S/A,33000167080970,REPAR,SUL,Paraná,ARAUCARIA,34000,28127,83
06/2020,PETROLEO BRASILEIRO S/A,33000167080970,REPAR,SUL,Paraná,ARAUCARIA,34000,31025,91
07/2020,PETROLEO BRASILEIRO S/A,33000167080970,REPAR,SUL,Paraná,ARAUCARIA,34000,30185,89
08/2020,PETROLEO BRASILEIRO S/A,33000167080970,REPAR,SUL,Paraná,ARAUCARIA,34000,29895,88
09/2020,PETROLEO BRASILEIRO S/A,33000167080970,REPAR,SUL,Paraná,ARAUCARIA,34000,30342,89
10/2020,PETROLEO BRASILEIRO S/A,33000167080970,REPAR,SUL,Paraná,ARAUCARIA,34000,31081,91
11/2020,PETROLEO BRASILEIRO S/A,33000167080970,REPAR,SUL,Paraná,ARAUCARIA,34000,26742,79
12/2020,PETROLEO BRASILEIRO S/A,33000167080970,REPAR,SUL,Paraná,ARAUCARIA,34000,30463,90
01/2021,PETROLEO BRASILEIRO S/A,33000167080970,REPAR,SUL,Paraná,ARAUCARIA,34000,29782,88
02/2021,PETROLEO BRASILEIRO S/A,33000167080970,REPAR,SUL,Paraná,ARAUCARIA,34000,31539,93
03/2021,PETROLEO BRASILEIRO S/A,33000167080970,REPAR,SUL,Paraná,ARAUCARIA,34000,30430,90
04/2021,PETROLEO BRASILEIRO S/A,33000167080970,REPAR,SUL,Paraná,ARAUCARIA,34000,28728,84
05/2021,PETROLEO BRASILEIRO S/A,33000167080970,REPAR,SUL,Paraná,ARAUCARIA,34000,27290,80
06/2021,PETROLEO BRASILEIRO S/A,33000167080970,REPAR,SUL,Paraná,ARAUCARIA,34000,21978,65
07/2021,PETROLEO BRASILEIRO S/A,33000167080970,REPAR,SUL,Paraná,ARAUCARIA,34000,28059,83
08/2021,PETROLEO BRASILEIRO S/A,33000167080970,REPAR,SUL,Paraná,ARAUCARIA,34000,29998,88
09/2021,PETROLEO BRASILEIRO S/A,33000167080970,REPAR,SUL,Paraná,ARAUCARIA,34000,31374,92
10/2021,PETROLEO BRASILEIRO S/A,33000167080970,REPAR,SUL,Paraná,ARAUCARIA,34000,31337,92
11/2021,PETROLEO BRASILEIRO S/A,33000167080970,REPAR,SUL,Paraná,ARAUCARIA,34000,28639,84
12/2021,PETROLEO BRASILEIRO S/A,33000167080970,REPAR,SUL,Paraná,ARAUCARIA,34000,28637,84
01/2022,PETROLEO BRASILEIRO S/A,33000167080970,REPAR,SUL,Paraná,ARAUCARIA,34000,28598,84
02/2022,PETROLEO BRASILEIRO S/A,33000167080970,REPAR,SUL,Paraná,ARAUCARIA,34000,28039,82
03/2022,PETROLEO BRASILEIRO S/A,33000167080970,REPAR,SUL,Paraná,ARAUCARIA,34000,30538,90
04/2022,PETROLEO BRASILEIRO S/A,33000167080970,REPAR,SUL,Paraná,ARAUCARIA,34000,30592,90
05/2022,PETROLEO BRASILEIRO S/A,33000167080970,REPAR,SUL,Paraná,ARAUCARIA,34000,31098,91
06/2022,PETROLEO BRASILEIRO S/A,33000167080970,REPAR,SUL,Paraná,ARAUCARIA,34000,29477,87
07/2022,PETROLEO BRASILEIRO S/A,33000167080970,REPAR,SUL,Paraná,ARAUCARIA,34000,30853,91
08/2022,PETROLEO BRASILEIRO S/A,33000167080970,REPAR,SUL,Paraná,ARAUCARIA,34000,31496,93
09/2022,PETROLEO BRASILEIRO S/A,33000167080970,REPAR,SUL,Paraná,ARAUCARIA,34000,24129,71
10/2022,PETROLEO BRASILEIRO S/A,33000167080970,REPAR,SUL,Paraná,ARAUCARIA,34000,164,0
11/2022,PETROLEO BRASILEIRO S/A,33000167080970,REPAR,SUL,Paraná,ARAUCARIA,34000,14755,43
12/2022,PETROLEO BRASILEIRO S/A,33000167080970,REPAR,SUL,Paraná,ARAUCARIA,34000,28728,84
01/2023,PETROLEO BRASILEIRO S/A,33000167080970,REPAR,SUL,Paraná,ARAUCARIA,34000,29509,87
02/2023,PETROLEO BRASILEIRO S/A,33000167080970,REPAR,SUL,Paraná,ARAUCARIA,34000,29442,87
03/2023,PETROLEO BRASILEIRO S/A,33000167080970,REPAR,SUL,Paraná,ARAUCARIA,34000,32094,94
04/2023,PETROLEO BRASILEIRO S/A,33000167080970,REPAR,SUL,Paraná,ARAUCARIA,34000,32006,94
05/2023,PETROLEO BRASILEIRO S/A,33000167080970,REPAR,SUL,Paraná,ARAUCARIA,34000,32916,97
06/2023,PETROLEO BRASILEIRO S/A,33000167080970,REPAR,SUL,Paraná,ARAUCARIA,34000,32908,97
07/2023,PETROLEO BRASILEIRO S/A,33000167080970,REPAR,SUL,Paraná,ARAUCARIA,34000,33098,97
08/2023,PETROLEO BRASILEIRO S/A,33000167080970,REPAR,SUL,Paraná,ARAUCARIA,34000,31574,93
01/2019,PETROLEO BRASILEIRO S/A,33000167064347,REPLAN,SUDESTE,São Paulo,PAULINIA,69000,37117,54
02/2019,PETROLEO BRASILEIRO S/A,33000167064347,REPLAN,SUDESTE,São Paulo,PAULINIA,69000,51495,75
03/2019,PETROLEO BRASILEIRO S/A,33000167064347,REPLAN,SUDESTE,São Paulo,PAULINIA,69000,52240,76
04/2019,PETROLEO BRASILEIRO S/A,33000167064347,REPLAN,SUDESTE,São Paulo,PAULINIA,69000,53538,78
05/2019,PETROLEO BRASILEIRO S/A,33000167064347,REPLAN,SUDESTE,São Paulo,PAULINIA,69000,51966,75
06/2019,PETROLEO BRASILEIRO S/A,33000167064347,REPLAN,SUDESTE,São Paulo,PAULINIA,69000,53678,78
07/2019,PETROLEO BRASILEIRO S/A,33000167064347,REPLAN,SUDESTE,São Paulo,PAULINIA,69000,54192,79
08/2019,PETROLEO BRASILEIRO S/A,33000167064347,REPLAN,SUDESTE,São Paulo,PAULINIA,69000,55230,80
09/2019,PETROLEO BRASILEIRO S/A,33000167064347,REPLAN,SUDESTE,São Paulo,PAULINIA,69000,46925,68
10/2019,PETROLEO BRASILEIRO S/A,33000167064347,REPLAN,SUDESTE,São Paulo,PAULINIA,69000,57089,83
11/2019,PETROLEO BRASILEIRO S/A,33000167064347,REPLAN,SUDESTE,São Paulo,PAULINIA,69000,58386,85
12/2019,PETROLEO BRASILEIRO S/A,33000167064347,REPLAN,SUDESTE,São Paulo,PAULINIA,69000,58126,84
01/2020,PETROLEO BRASILEIRO S/A,33000167064347,REPLAN,SUDESTE,São Paulo,PAULINIA,69000,49603,72
02/2020,PETROLEO BRASILEIRO S/A,33000167064347,REPLAN,SUDESTE,São Paulo,PAULINIA,69000,36147,52
03/2020,PETROLEO BRASILEIRO S/A,33000167064347,REPLAN,SUDESTE,São Paulo,PAULINIA,69000,36194,52
04/2020,PETROLEO BRASILEIRO S/A,33000167064347,REPLAN,SUDESTE,São Paulo,PAULINIA,69000,30670,44
05/2020,PETROLEO BRASILEIRO S/A,33000167064347,REPLAN,SUDESTE,São Paulo,PAULINIA,69000,36187,52
06/2020,PETROLEO BRASILEIRO S/A,33000167064347,REPLAN,SUDESTE,São Paulo,PAULINIA,69000,46786,68
07/2020,PETROLEO BRASILEIRO S/A,33000167064347,REPLAN,SUDESTE,São Paulo,PAULINIA,69000,53487,78
08/2020,PETROLEO BRASILEIRO S/A,33000167064347,REPLAN,SUDESTE,São Paulo,PAULINIA,69000,58834,85
09/2020,PETROLEO BRASILEIRO S/A,33000167064347,REPLAN,SUDESTE,São Paulo,PAULINIA,69000,57622,84
10/2020,PETROLEO BRASILEIRO S/A,33000167064347,REPLAN,SUDESTE,São Paulo,PAULINIA,69000,63367,92
11/2020,PETROLEO BRASILEIRO S/A,33000167064347,REPLAN,SUDESTE,São Paulo,PAULINIA,69000,62233,90
12/2020,PETROLEO BRASILEIRO S/A,33000167064347,REPLAN,SUDESTE,São Paulo,PAULINIA,69000,56588,82
01/2021,PETROLEO BRASILEIRO S/A,33000167064347,REPLAN,SUDESTE,São Paulo,PAULINIA,69000,53830,78
02/2021,PETROLEO BRASILEIRO S/A,33000167064347,REPLAN,SUDESTE,São Paulo,PAULINIA,69000,57011,83
03/2021,PETROLEO BRASILEIRO S/A,33000167064347,REPLAN,SUDESTE,São Paulo,PAULINIA,69000,63765,92
04/2021,PETROLEO BRASILEIRO S/A,33000167064347,REPLAN,SUDESTE,São Paulo,PAULINIA,69000,54243,79
05/2021,PETROLEO BRASILEIRO S/A,33000167064347,REPLAN,SUDESTE,São Paulo,PAULINIA,69000,58875,85
06/2021,PETROLEO BRASILEIRO S/A,33000167064347,REPLAN,SUDESTE,São Paulo,PAULINIA,69000,60615,88
07/2021,PETROLEO BRASILEIRO S/A,33000167064347,REPLAN,SUDESTE,São Paulo,PAULINIA,69000,59870,87
08/2021,PETROLEO BRASILEIRO S/A,33000167064347,REPLAN,SUDESTE,São Paulo,PAULINIA,69000,58484,85
09/2021,PETROLEO BRASILEIRO S/A,33000167064347,REPLAN,SUDESTE,São Paulo,PAULINIA,69000,51560,75
10/2021,PETROLEO BRASILEIRO S/A,33000167064347,REPLAN,SUDESTE,São Paulo,PAULINIA,69000,60470,88
11/2021,PETROLEO BRASILEIRO S/A,33000167064347,REPLAN,SUDESTE,São Paulo,PAULINIA,69000,48067,70
12/2021,PETROLEO BRASILEIRO S/A,33000167064347,REPLAN,SUDESTE,São Paulo,PAULINIA,69000,55533,80
01/2022,PETROLEO BRASILEIRO S/A,33000167064347,REPLAN,SUDESTE,São Paulo,PAULINIA,69000,63141,92
02/2022,PETROLEO BRASILEIRO S/A,33000167064347,REPLAN,SUDESTE,São Paulo,PAULINIA,69000,65202,94
03/2022,PETROLEO BRASILEIRO S/A,33000167064347,REPLAN,SUDESTE,São Paulo,PAULINIA,69000,63163,92
04/2022,PETROLEO BRASILEIRO S/A,33000167064347,REPLAN,SUDESTE,São Paulo,PAULINIA,69000,63735,92
05/2022,PETROLEO BRASILEIRO S/A,33000167064347,REPLAN,SUDESTE,São Paulo,PAULINIA,69000,61333,89
06/2022,PETROLEO BRASILEIRO S/A,33000167064347,REPLAN,SUDESTE,São Paulo,PAULINIA,69000,62738,91
07/2022,PETROLEO BRASILEIRO S/A,33000167064347,REPLAN,SUDESTE,São Paulo,PAULINIA,69000,62732,91
08/2022,PETROLEO BRASILEIRO S/A,33000167064347,REPLAN,SUDESTE,São Paulo,PAULINIA,69000,51791,75
09/2022,PETROLEO BRASILEIRO S/A,33000167064347,REPLAN,SUDESTE,São Paulo,PAULINIA,69000,34625,50
10/2022,PETROLEO BRASILEIRO S/A,33000167064347,REPLAN,SUDESTE,São Paulo,PAULINIA,69000,66093,96
11/2022,PETROLEO BRASILEIRO S/A,33000167064347,REPLAN,SUDESTE,São Paulo,PAULINIA,69000,65357,95
12/2022,PETROLEO BRASILEIRO S/A,33000167064347,REPLAN,SUDESTE,São Paulo,PAULINIA,69000,63255,92
01/2023,PETROLEO BRASILEIRO S/A,33000167064347,REPLAN,SUDESTE,São Paulo,PAULINIA,69000,64805,94
02/2023,PETROLEO BRASILEIRO S/A,33000167064347,REPLAN,SUDESTE,São Paulo,PAULINIA,69000,63359,92
03/2023,PETROLEO BRASILEIRO S/A,33000167064347,REPLAN,SUDESTE,São Paulo,PAULINIA,69000,63183,92
04/2023,PETROLEO BRASILEIRO S/A,33000167064347,REPLAN,SUDESTE,São Paulo,PAULINIA,69000,62680,91
05/2023,PETROLEO BRASILEIRO S/A,33000167064347,REPLAN,SUDESTE,São Paulo,PAULINIA,69000,62143,90
06/2023,PETROLEO BRASILEIRO S/A,33000167064347,REPLAN,SUDESTE,São Paulo,PAULINIA,69000,58812,85
07/2023,PETROLEO BRASILEIRO S/A,33000167064347,REPLAN,SUDESTE,São Paulo,PAULINIA,69000,61145,89
08/2023,PETROLEO BRASILEIRO S/A,33000167064347,REPLAN,SUDESTE,São Paulo,PAULINIA,69000,66990,97
01/2019,PETROLEO BRASILEIRO S/A,33000167082248,REVAP,SUDESTE,São Paulo,SAO JOSE DOS CAMPOS,40000,35486,89
02/2019,PETROLEO BRASILEIRO S/A,33000167082248,REVAP,SUDESTE,São Paulo,SAO JOSE DOS CAMPOS,40000,35383,88
03/2019,PETROLEO BRASILEIRO S/A,33000167082248,REVAP,SUDESTE,São Paulo,SAO JOSE DOS CAMPOS,40000,31285,78
04/2019,PETROLEO BRASILEIRO S/A,33000167082248,REVAP,SUDESTE,São Paulo,SAO JOSE DOS CAMPOS,40000,34156,85
05/2019,PETROLEO BRASILEIRO S/A,33000167082248,REVAP,SUDESTE,São Paulo,SAO JOSE DOS CAMPOS,40000,33376,83
06/2019,PETROLEO BRASILEIRO S/A,33000167082248,REVAP,SUDESTE,São Paulo,SAO JOSE DOS CAMPOS,40000,34930,87
07/2019,PETROLEO BRASILEIRO S/A,33000167082248,REVAP,SUDESTE,São Paulo,SAO JOSE DOS CAMPOS,40000,33905,85
08/2019,PETROLEO BRASILEIRO S/A,33000167082248,REVAP,SUDESTE,São Paulo,SAO JOSE DOS CAMPOS,40000,35164,88
09/2019,PETROLEO BRASILEIRO S/A,33000167082248,REVAP,SUDESTE,São Paulo,SAO JOSE DOS CAMPOS,40000,28989,72
10/2019,PETROLEO BRASILEIRO S/A,33000167082248,REVAP,SUDESTE,São Paulo,SAO JOSE DOS CAMPOS,40000,0,0
11/2019,PETROLEO BRASILEIRO S/A,33000167082248,REVAP,SUDESTE,São Paulo,SAO JOSE DOS CAMPOS,40000,20981,52
12/2019,PETROLEO BRASILEIRO S/A,33000167082248,REVAP,SUDESTE,São Paulo,SAO JOSE DOS CAMPOS,40000,33541,84
01/2020,PETROLEO BRASILEIRO S/A,33000167082248,REVAP,SUDESTE,São Paulo,SAO JOSE DOS CAMPOS,40000,32631,82
02/2020,PETROLEO BRASILEIRO S/A,33000167082248,REVAP,SUDESTE,São Paulo,SAO JOSE DOS CAMPOS,40000,36130,90
03/2020,PETROLEO BRASILEIRO S/A,33000167082248,REVAP,SUDESTE,São Paulo,SAO JOSE DOS CAMPOS,40000,37263,93
04/2020,PETROLEO BRASILEIRO S/A,33000167082248,REVAP,SUDESTE,São Paulo,SAO JOSE DOS CAMPOS,40000,27553,69
05/2020,PETROLEO BRASILEIRO S/A,33000167082248,REVAP,SUDESTE,São Paulo,SAO JOSE DOS CAMPOS,40000,34930,87
06/2020,PETROLEO BRASILEIRO S/A,33000167082248,REVAP,SUDESTE,São Paulo,SAO JOSE DOS CAMPOS,40000,36770,92
07/2020,PETROLEO BRASILEIRO S/A,33000167082248,REVAP,SUDESTE,São Paulo,SAO JOSE DOS CAMPOS,40000,32412,81
08/2020,PETROLEO BRASILEIRO S/A,33000167082248,REVAP,SUDESTE,São Paulo,SAO JOSE DOS CAMPOS,40000,37358,93
09/2020,PETROLEO BRASILEIRO S/A,33000167082248,REVAP,SUDESTE,São Paulo,SAO JOSE DOS CAMPOS,40000,34825,87
10/2020,PETROLEO BRASILEIRO S/A,33000167082248,REVAP,SUDESTE,São Paulo,SAO JOSE DOS CAMPOS,40000,35960,90
11/2020,PETROLEO BRASILEIRO S/A,33000167082248,REVAP,SUDESTE,São Paulo,SAO JOSE DOS CAMPOS,40000,35682,89
12/2020,PETROLEO BRASILEIRO S/A,33000167082248,REVAP,SUDESTE,São Paulo,SAO JOSE DOS CAMPOS,40000,36082,90
01/2021,PETROLEO BRASILEIRO S/A,33000167082248,REVAP,SUDESTE,São Paulo,SAO JOSE DOS CAMPOS,40000,35231,88
02/2021,PETROLEO BRASILEIRO S/A,33000167082248,REVAP,SUDESTE,São Paulo,SAO JOSE DOS CAMPOS,40000,36704,92
03/2021,PETROLEO BRASILEIRO S/A,33000167082248,REVAP,SUDESTE,São Paulo,SAO JOSE DOS CAMPOS,40000,37908,95
04/2021,PETROLEO BRASILEIRO S/A,33000167082248,REVAP,SUDESTE,São Paulo,SAO JOSE DOS CAMPOS,40000,35395,88
05/2021,PETROLEO BRASILEIRO S/A,33000167082248,REVAP,SUDESTE,São Paulo,SAO JOSE DOS CAMPOS,40000,34620,87
06/2021,PETROLEO BRASILEIRO S/A,33000167082248,REVAP,SUDESTE,São Paulo,SAO JOSE DOS CAMPOS,40000,34311,86
07/2021,PETROLEO BRASILEIRO S/A,33000167082248,REVAP,SUDESTE,São Paulo,SAO JOSE DOS CAMPOS,40000,36740,92
08/2021,PETROLEO BRASILEIRO S/A,33000167082248,REVAP,SUDESTE,São Paulo,SAO JOSE DOS CAMPOS,40000,38630,97
09/2021,PETROLEO BRASILEIRO S/A,33000167082248,REVAP,SUDESTE,São Paulo,SAO JOSE DOS CAMPOS,40000,39238,98
10/2021,PETROLEO BRASILEIRO S/A,33000167082248,REVAP,SUDESTE,São Paulo,SAO JOSE DOS CAMPOS,40000,37191,93
11/2021,PETROLEO BRASILEIRO S/A,33000167082248,REVAP,SUDESTE,São Paulo,SAO JOSE DOS CAMPOS,40000,37747,94
12/2021,PETROLEO BRASILEIRO S/A,33000167082248,REVAP,SUDESTE,São Paulo,SAO JOSE DOS CAMPOS,40000,38240,96
01/2022,PETROLEO BRASILEIRO S/A,33000167082248,REVAP,SUDESTE,São Paulo,SAO JOSE DOS CAMPOS,40000,36301,91
02/2022,PETROLEO BRASILEIRO S/A,33000167082248,REVAP,SUDESTE,São Paulo,SAO JOSE DOS CAMPOS,40000,38834,97
03/2022,PETROLEO BRASILEIRO S/A,33000167082248,REVAP,SUDESTE,São Paulo,SAO JOSE DOS CAMPOS,40000,38811,97
04/2022,PETROLEO BRASILEIRO S/A,33000167082248,REVAP,SUDESTE,São Paulo,SAO JOSE DOS CAMPOS,40000,39727,99
05/2022,PETROLEO BRASILEIRO S/A,33000167082248,REVAP,SUDESTE,São Paulo,SAO JOSE DOS CAMPOS,40000,29415,74
06/2022,PETROLEO BRASILEIRO S/A,33000167082248,REVAP,SUDESTE,São Paulo,SAO JOSE DOS CAMPOS,40000,31798,79
07/2022,PETROLEO BRASILEIRO S/A,33000167082248,REVAP,SUDESTE,São Paulo,SAO JOSE DOS CAMPOS,40000,37929,95
08/2022,PETROLEO BRASILEIRO S/A,33000167082248,REVAP,SUDESTE,São Paulo,SAO JOSE DOS CAMPOS,40000,36955,92
09/2022,PETROLEO BRASILEIRO S/A,33000167082248,REVAP,SUDESTE,São Paulo,SAO JOSE DOS CAMPOS,40000,38665,97
10/2022,PETROLEO BRASILEIRO S/A,33000167082248,REVAP,SUDESTE,São Paulo,SAO JOSE DOS CAMPOS,40000,38378,96
11/2022,PETROLEO BRASILEIRO S/A,33000167082248,REVAP,SUDESTE,São Paulo,SAO JOSE DOS CAMPOS,40000,37479,94
12/2022,PETROLEO BRASILEIRO S/A,33000167082248,REVAP,SUDESTE,São Paulo,SAO JOSE DOS CAMPOS,40000,35688,89
01/2023,PETROLEO BRASILEIRO S/A,33000167082248,REVAP,SUDESTE,São Paulo,SAO JOSE DOS CAMPOS,40000,25429,64
02/2023,PETROLEO BRASILEIRO S/A,33000167082248,REVAP,SUDESTE,São Paulo,SAO JOSE DOS CAMPOS,40000,34923,87
03/2023,PETROLEO BRASILEIRO S/A,33000167082248,REVAP,SUDESTE,São Paulo,SAO JOSE DOS CAMPOS,40000,39446,99
04/2023,PETROLEO BRASILEIRO S/A,33000167082248,REVAP,SUDESTE,São Paulo,SAO JOSE DOS CAMPOS,40000,38361,96
05/2023,PETROLEO BRASILEIRO S/A,33000167082248,REVAP,SUDESTE,São Paulo,SAO JOSE DOS CAMPOS,40000,40465,101
06/2023,PETROLEO BRASILEIRO S/A,33000167082248,REVAP,SUDESTE,São Paulo,SAO JOSE DOS CAMPOS,40000,38612,97
07/2023,PETROLEO BRASILEIRO S/A,33000167082248,REVAP,SUDESTE,São Paulo,SAO JOSE DOS CAMPOS,40000,37061,93
08/2023,PETROLEO BRASILEIRO S/A,33000167082248,REVAP,SUDESTE,São Paulo,SAO JOSE DOS CAMPOS,40000,38195,95
01/2019,REFINARIA DE PETRÓLEO RIOGRANDENSE S.A.,94845674000130,RIOGRANDENSE,SUL,Rio Grande do Sul,RIO GRANDE,2705,2444,90
02/2019,REFINARIA DE PETRÓLEO RIOGRANDENSE S.A.,94845674000130,RIOGRANDENSE,SUL,Rio Grande do Sul,RIO GRANDE,2705,2042,75
03/2019,REFINARIA DE PETRÓLEO RIOGRANDENSE S.A.,94845674000130,RIOGRANDENSE,SUL,Rio Grande do Sul,RIO GRANDE,2705,2553,94
04/2019,REFINARIA DE PETRÓLEO RIOGRANDENSE S.A.,94845674000130,RIOGRANDENSE,SUL,Rio Grande do Sul,RIO GRANDE,2705,2401,89
05/2019,REFINARIA DE PETRÓLEO RIOGRANDENSE S.A.,94845674000130,RIOGRANDENSE,SUL,Rio Grande do Sul,RIO GRANDE,2705,1982,73
06/2019,REFINARIA DE PETRÓLEO RIOGRANDENSE S.A.,94845674000130,RIOGRANDENSE,SUL,Rio Grande do Sul,RIO GRANDE,2705,2564,95
07/2019,REFINARIA DE PETRÓLEO RIOGRANDENSE S.A.,94845674000130,RIOGRANDENSE,SUL,Rio Grande do Sul,RIO GRANDE,2705,2427,90
08/2019,REFINARIA DE PETRÓLEO RIOGRANDENSE S.A.,94845674000130,RIOGRANDENSE,SUL,Rio Grande do Sul,RIO GRANDE,2705,2684,99
09/2019,REFINARIA DE PETRÓLEO RIOGRANDENSE S.A.,94845674000130,RIOGRANDENSE,SUL,Rio Grande do Sul,RIO GRANDE,2705,2665,99
10/2019,REFINARIA DE PETRÓLEO RIOGRANDENSE S.A.,94845674000130,RIOGRANDENSE,SUL,Rio Grande do Sul,RIO GRANDE,2705,2505,93
11/2019,REFINARIA DE PETRÓLEO RIOGRANDENSE S.A.,94845674000130,RIOGRANDENSE,SUL,Rio Grande do Sul,RIO GRANDE,2705,2607,96
12/2019,REFINARIA DE PETRÓLEO RIOGRANDENSE S.A.,94845674000130,RIOGRANDENSE,SUL,Rio Grande do Sul,RIO GRANDE,2705,2593,96
01/2020,REFINARIA DE PETRÓLEO RIOGRANDENSE S.A.,94845674000130,RIOGRANDENSE,SUL,Rio Grande do Sul,RIO GRANDE,2705,2606,96
02/2020,REFINARIA DE PETRÓLEO RIOGRANDENSE S.A.,94845674000130,RIOGRANDENSE,SUL,Rio Grande do Sul,RIO GRANDE,2705,2655,98
03/2020,REFINARIA DE PETRÓLEO RIOGRANDENSE S.A.,94845674000130,RIOGRANDENSE,SUL,Rio Grande do Sul,RIO GRANDE,2705,2567,95
04/2020,REFINARIA DE PETRÓLEO RIOGRANDENSE S.A.,94845674000130,RIOGRANDENSE,SUL,Rio Grande do Sul,RIO GRANDE,2705,1588,59
05/2020,REFINARIA DE PETRÓLEO RIOGRANDENSE S.A.,94845674000130,RIOGRANDENSE,SUL,Rio Grande do Sul,RIO GRANDE,2705,2050,76
06/2020,REFINARIA DE PETRÓLEO RIOGRANDENSE S.A.,94845674000130,RIOGRANDENSE,SUL,Rio Grande do Sul,RIO GRANDE,2705,2019,75
07/2020,REFINARIA DE PETRÓLEO RIOGRANDENSE S.A.,94845674000130,RIOGRANDENSE,SUL,Rio Grande do Sul,RIO GRANDE,2705,1847,68
08/2020,REFINARIA DE PETRÓLEO RIOGRANDENSE S.A.,94845674000130,RIOGRANDENSE,SUL,Rio Grande do Sul,RIO GRANDE,2705,1442,53
09/2020,REFINARIA DE PETRÓLEO RIOGRANDENSE S.A.,94845674000130,RIOGRANDENSE,SUL,Rio Grande do Sul,RIO GRANDE,2705,1280,47
10/2020,REFINARIA DE PETRÓLEO RIOGRANDENSE S.A.,94845674000130,RIOGRANDENSE,SUL,Rio Grande do Sul,RIO GRANDE,2705,1370,51
11/2020,REFINARIA DE PETRÓLEO RIOGRANDENSE S.A.,94845674000130,RIOGRANDENSE,SUL,Rio Grande do Sul,RIO GRANDE,2705,1658,61
12/2020,REFINARIA DE PETRÓLEO RIOGRANDENSE S.A.,94845674000130,RIOGRANDENSE,SUL,Rio Grande do Sul,RIO GRANDE,2705,1892,70
01/2021,REFINARIA DE PETRÓLEO RIOGRANDENSE S.A.,94845674000130,RIOGRANDENSE,SUL,Rio Grande do Sul,RIO GRANDE,2705,1812,67
02/2021,REFINARIA DE PETRÓLEO RIOGRANDENSE S.A.,94845674000130,RIOGRANDENSE,SUL,Rio Grande do Sul,RIO GRANDE,2705,2186,81
03/2021,REFINARIA DE PETRÓLEO RIOGRANDENSE S.A.,94845674000130,RIOGRANDENSE,SUL,Rio Grande do Sul,RIO GRANDE,2705,1875,69
04/2021,REFINARIA DE PETRÓLEO RIOGRANDENSE S.A.,94845674000130,RIOGRANDENSE,SUL,Rio Grande do Sul,RIO GRANDE,2705,1838,68
05/2021,REFINARIA DE PETRÓLEO RIOGRANDENSE S.A.,94845674000130,RIOGRANDENSE,SUL,Rio Grande do Sul,RIO GRANDE,2705,1853,69
06/2021,REFINARIA DE PETRÓLEO RIOGRANDENSE S.A.,94845674000130,RIOGRANDENSE,SUL,Rio Grande do Sul,RIO GRANDE,2705,2148,79
07/2021,REFINARIA DE PETRÓLEO RIOGRANDENSE S.A.,94845674000130,RIOGRANDENSE,SUL,Rio Grande do Sul,RIO GRANDE,2705,2160,80
08/2021,REFINARIA DE PETRÓLEO RIOGRANDENSE S.A.,94845674000130,RIOGRANDENSE,SUL,Rio Grande do Sul,RIO GRANDE,2705,2102,78
09/2021,REFINARIA DE PETRÓLEO RIOGRANDENSE S.A.,94845674000130,RIOGRANDENSE,SUL,Rio Grande do Sul,RIO GRANDE,2705,2170,80
10/2021,REFINARIA DE PETRÓLEO RIOGRANDENSE S.A.,94845674000130,RIOGRANDENSE,SUL,Rio Grande do Sul,RIO GRANDE,2705,2016,75
11/2021,REFINARIA DE PETRÓLEO RIOGRANDENSE S.A.,94845674000130,RIOGRANDENSE,SUL,Rio Grande do Sul,RIO GRANDE,2705,1362,50
12/2021,REFINARIA DE PETRÓLEO RIOGRANDENSE S.A.,94845674000130,RIOGRANDENSE,SUL,Rio Grande do Sul,RIO GRANDE,2705,0,0
01/2022,REFINARIA DE PETRÓLEO RIOGRANDENSE S.A.,94845674000130,RIOGRANDENSE,SUL,Rio Grande do Sul,RIO GRANDE,2705,86,3
02/2022,REFINARIA DE PETRÓLEO RIOGRANDENSE S.A.,94845674000130,RIOGRANDENSE,SUL,Rio Grande do Sul,RIO GRANDE,2705,1508,56
03/2022,REFINARIA DE PETRÓLEO RIOGRANDENSE S.A.,94845674000130,RIOGRANDENSE,SUL,Rio Grande do Sul,RIO GRANDE,2705,1201,44
04/2022,REFINARIA DE PETRÓLEO RIOGRANDENSE S.A.,94845674000130,RIOGRANDENSE,SUL,Rio Grande do Sul,RIO GRANDE,2705,2217,82
05/2022,REFINARIA DE PETRÓLEO RIOGRANDENSE S.A.,94845674000130,RIOGRANDENSE,SUL,Rio Grande do Sul,RIO GRANDE,2705,1919,71
06/2022,REFINARIA DE PETRÓLEO RIOGRANDENSE S.A.,94845674000130,RIOGRANDENSE,SUL,Rio Grande do Sul,RIO GRANDE,2705,1937,72
07/2022,REFINARIA DE PETRÓLEO RIOGRANDENSE S.A.,94845674000130,RIOGRANDENSE,SUL,Rio Grande do Sul,RIO GRANDE,2705,2187,81
08/2022,REFINARIA DE PETRÓLEO RIOGRANDENSE S.A.,94845674000130,RIOGRANDENSE,SUL,Rio Grande do Sul,RIO GRANDE,2705,2444,90
09/2022,REFINARIA DE PETRÓLEO RIOGRANDENSE S.A.,94845674000130,RIOGRANDENSE,SUL,Rio Grande do Sul,RIO GRANDE,2705,1992,74
10/2022,REFINARIA DE PETRÓLEO RIOGRANDENSE S.A.,94845674000130,RIOGRANDENSE,SUL,Rio Grande do Sul,RIO GRANDE,2705,2589,96
11/2022,REFINARIA DE PETRÓLEO RIOGRANDENSE S.A.,94845674000130,RIOGRANDENSE,SUL,Rio Grande do Sul,RIO GRANDE,2705,2417,89
12/2022,REFINARIA DE PETRÓLEO RIOGRANDENSE S.A.,94845674000130,RIOGRANDENSE,SUL,Rio Grande do Sul,RIO GRANDE,2705,2253,83
01/2023,REFINARIA DE PETRÓLEO RIOGRANDENSE S.A.,94845674000130,RIOGRANDENSE,SUL,Rio Grande do Sul,RIO GRANDE,2705,2466,91
02/2023,REFINARIA DE PETRÓLEO RIOGRANDENSE S.A.,94845674000130,RIOGRANDENSE,SUL,Rio Grande do Sul,RIO GRANDE,2705,2447,90
03/2023,REFINARIA DE PETRÓLEO RIOGRANDENSE S.A.,94845674000130,RIOGRANDENSE,SUL,Rio Grande do Sul,RIO GRANDE,2705,2438,90
04/2023,REFINARIA DE PETRÓLEO RIOGRANDENSE S.A.,94845674000130,RIOGRANDENSE,SUL,Rio Grande do Sul,RIO GRANDE,2705,2256,83
05/2023,REFINARIA DE PETRÓLEO RIOGRANDENSE S.A.,94845674000130,RIOGRANDENSE,SUL,Rio Grande do Sul,RIO GRANDE,2705,2255,83
06/2023,REFINARIA DE PETRÓLEO RIOGRANDENSE S.A.,94845674000130,RIOGRANDENSE,SUL,Rio Grande do Sul,RIO GRANDE,2705,2315,86
07/2023,REFINARIA DE PETRÓLEO RIOGRANDENSE S.A.,94845674000130,RIOGRANDENSE,SUL,Rio Grande do Sul,RIO GRANDE,2705,2275,84
08/2023,REFINARIA DE PETRÓLEO RIOGRANDENSE S.A.,94845674000130,RIOGRANDENSE,SUL,Rio Grande do Sul,RIO GRANDE,2705,2258,83
01/2019,PETROLEO BRASILEIRO S/A,33000167014323,RLAM,NORDESTE,Bahia,SAO FRANCISCO DO CONDE,60000,33576,56
02/2019,PETROLEO BRASILEIRO S/A,33000167014323,RLAM,NORDESTE,Bahia,SAO FRANCISCO DO CONDE,60000,31996,53
03/2019,PETROLEO BRASILEIRO S/A,33000167014323,RLAM,NORDESTE,Bahia,SAO FRANCISCO DO CONDE,60000,29735,50
04/2019,PETROLEO BRASILEIRO S/A,33000167014323,RLAM,NORDESTE,Bahia,SAO FRANCISCO DO CONDE,60000,36576,61
05/2019,PETROLEO BRASILEIRO S/A,33000167014323,RLAM,NORDESTE,Bahia,SAO FRANCISCO DO CONDE,60000,33717,56
06/2019,PETROLEO BRASILEIRO S/A,33000167014323,RLAM,NORDESTE,Bahia,SAO FRANCISCO DO CONDE,60000,27020,45
07/2019,PETROLEO BRASILEIRO S/A,33000167014323,RLAM,NORDESTE,Bahia,SAO FRANCISCO DO CONDE,60000,36819,61
08/2019,PETROLEO BRASILEIRO S/A,33000167014323,RLAM,NORDESTE,Bahia,SAO FRANCISCO DO CONDE,60000,37791,63
09/2019,PETROLEO BRASILEIRO S/A,33000167014323,RLAM,NORDESTE,Bahia,SAO FRANCISCO DO CONDE,60000,40413,67
10/2019,PETROLEO BRASILEIRO S/A,33000167014323,RLAM,NORDESTE,Bahia,SAO FRANCISCO DO CONDE,60000,41369,69
11/2019,PETROLEO BRASILEIRO S/A,33000167014323,RLAM,NORDESTE,Bahia,SAO FRANCISCO DO CONDE,60000,40088,67
12/2019,PETROLEO BRASILEIRO S/A,33000167014323,RLAM,NORDESTE,Bahia,SAO FRANCISCO DO CONDE,60000,40866,68
01/2020,PETROLEO BRASILEIRO S/A,33000167014323,RLAM,NORDESTE,Bahia,SAO FRANCISCO DO CONDE,60000,42731,71
02/2020,PETROLEO BRASILEIRO S/A,33000167014323,RLAM,NORDESTE,Bahia,SAO FRANCISCO DO CONDE,60000,41988,70
03/2020,PETROLEO BRASILEIRO S/A,33000167014323,RLAM,NORDESTE,Bahia,SAO FRANCISCO DO CONDE,60000,41068,68
04/2020,PETROLEO BRASILEIRO S/A,33000167014323,RLAM,NORDESTE,Bahia,SAO FRANCISCO DO CONDE,60000,37328,62
05/2020,PETROLEO BRASILEIRO S/A,33000167014323,RLAM,NORDESTE,Bahia,SAO FRANCISCO DO CONDE,60000,40970,68
06/2020,PETROLEO BRASILEIRO S/A,33000167014323,RLAM,NORDESTE,Bahia,SAO FRANCISCO DO CONDE,60000,30886,51
07/2020,PETROLEO BRASILEIRO S/A,33000167014323,RLAM,NORDESTE,Bahia,SAO FRANCISCO DO CONDE,60000,41320,69
08/2020,PETROLEO BRASILEIRO S/A,33000167014323,RLAM,NORDESTE,Bahia,SAO FRANCISCO DO CONDE,60000,41611,69
09/2020,PETROLEO BRASILEIRO S/A,33000167014323,RLAM,NORDESTE,Bahia,SAO FRANCISCO DO CONDE,60000,39805,66
10/2020,PETROLEO BRASILEIRO S/A,33000167014323,RLAM,NORDESTE,Bahia,SAO FRANCISCO DO CONDE,60000,40182,67
11/2020,PETROLEO BRASILEIRO S/A,33000167014323,RLAM,NORDESTE,Bahia,SAO FRANCISCO DO CONDE,60000,39513,66
12/2020,PETROLEO BRASILEIRO S/A,33000167014323,RLAM,NORDESTE,Bahia,SAO FRANCISCO DO CONDE,60000,35472,59
01/2021,PETROLEO BRASILEIRO S/A,33000167014323,RLAM,NORDESTE,Bahia,SAO FRANCISCO DO CONDE,60000,37285,62
02/2021,PETROLEO BRASILEIRO S/A,33000167014323,RLAM,NORDESTE,Bahia,SAO FRANCISCO DO CONDE,60000,37433,62
03/2021,PETROLEO BRASILEIRO S/A,33000167014323,RLAM,NORDESTE,Bahia,SAO FRANCISCO DO CONDE,60000,32353,54
04/2021,PETROLEO BRASILEIRO S/A,33000167014323,RLAM,NORDESTE,Bahia,SAO FRANCISCO DO CONDE,60000,9675,16
05/2021,PETROLEO BRASILEIRO S/A,33000167014323,RLAM,NORDESTE,Bahia,SAO FRANCISCO DO CONDE,60000,10115,17
06/2021,PETROLEO BRASILEIRO S/A,33000167014323,RLAM,NORDESTE,Bahia,SAO FRANCISCO DO CONDE,60000,31492,52
07/2021,PETROLEO BRASILEIRO S/A,33000167014323,RLAM,NORDESTE,Bahia,SAO FRANCISCO DO CONDE,60000,38555,64
08/2021,PETROLEO BRASILEIRO S/A,33000167014323,RLAM,NORDESTE,Bahia,SAO FRANCISCO DO CONDE,60000,33533,56
09/2021,PETROLEO BRASILEIRO S/A,33000167014323,RLAM,NORDESTE,Bahia,SAO FRANCISCO DO CONDE,60000,40252,67
01/2019,PETROLEO BRASILEIRO S/A,33000167111108,RNEST,NORDESTE,Pernambuco,IPOJUCA,15900,13105,82
02/2019,PETROLEO BRASILEIRO S/A,33000167111108,RNEST,NORDESTE,Pernambuco,IPOJUCA,15900,11463,72
03/2019,PETROLEO BRASILEIRO S/A,33000167111108,RNEST,NORDESTE,Pernambuco,IPOJUCA,15900,12800,81
04/2019,PETROLEO BRASILEIRO S/A,33000167111108,RNEST,NORDESTE,Pernambuco,IPOJUCA,15900,12323,78
05/2019,PETROLEO BRASILEIRO S/A,33000167111108,RNEST,NORDESTE,Pernambuco,IPOJUCA,15900,12748,80
06/2019,PETROLEO BRASILEIRO S/A,33000167111108,RNEST,NORDESTE,Pernambuco,IPOJUCA,15900,11603,73
07/2019,PETROLEO BRASILEIRO S/A,33000167111108,RNEST,NORDESTE,Pernambuco,IPOJUCA,15900,11401,72
08/2019,PETROLEO BRASILEIRO S/A,33000167111108,RNEST,NORDESTE,Pernambuco,IPOJUCA,15900,11939,75
09/2019,PETROLEO BRASILEIRO S/A,33000167111108,RNEST,NORDESTE,Pernambuco,IPOJUCA,15900,14986,94
10/2019,PETROLEO BRASILEIRO S/A,33000167111108,RNEST,NORDESTE,Pernambuco,IPOJUCA,15900,14159,89
11/2019,PETROLEO BRASILEIRO S/A,33000167111108,RNEST,NORDESTE,Pernambuco,IPOJUCA,15900,15452,97
12/2019,PETROLEO BRASILEIRO S/A,33000167111108,RNEST,NORDESTE,Pernambuco,IPOJUCA,15900,16615,104
01/2020,PETROLEO BRASILEIRO S/A,33000167111108,RNEST,NORDESTE,Pernambuco,IPOJUCA,15900,17120,108
02/2020,PETROLEO BRASILEIRO S/A,33000167111108,RNEST,NORDESTE,Pernambuco,IPOJUCA,15900,15636,98
03/2020,PETROLEO BRASILEIRO S/A,33000167111108,RNEST,NORDESTE,Pernambuco,IPOJUCA,15900,15671,99
04/2020,PETROLEO BRASILEIRO S/A,33000167111108,RNEST,NORDESTE,Pernambuco,IPOJUCA,15900,14657,92
05/2020,PETROLEO BRASILEIRO S/A,33000167111108,RNEST,NORDESTE,Pernambuco,IPOJUCA,15900,16276,102
06/2020,PETROLEO BRASILEIRO S/A,33000167111108,RNEST,NORDESTE,Pernambuco,IPOJUCA,15900,16781,106
07/2020,PETROLEO BRASILEIRO S/A,33000167111108,RNEST,NORDESTE,Pernambuco,IPOJUCA,15900,16091,101
08/2020,PETROLEO BRASILEIRO S/A,33000167111108,RNEST,NORDESTE,Pernambuco,IPOJUCA,15900,16465,104
09/2020,PETROLEO BRASILEIRO S/A,33000167111108,RNEST,NORDESTE,Pernambuco,IPOJUCA,15900,16486,104
10/2020,PETROLEO BRASILEIRO S/A,33000167111108,RNEST,NORDESTE,Pernambuco,IPOJUCA,15900,16663,105
11/2020,PETROLEO BRASILEIRO S/A,33000167111108,RNEST,NORDESTE,Pernambuco,IPOJUCA,15900,16643,105
12/2020,PETROLEO BRASILEIRO S/A,33000167111108,RNEST,NORDESTE,Pernambuco,IPOJUCA,15900,15154,95
01/2021,PETROLEO BRASILEIRO S/A,33000167111108,RNEST,NORDESTE,Pernambuco,IPOJUCA,15900,16150,102
02/2021,PETROLEO BRASILEIRO S/A,33000167111108,RNEST,NORDESTE,Pernambuco,IPOJUCA,15900,15175,95
03/2021,PETROLEO BRASILEIRO S/A,33000167111108,RNEST,NORDESTE,Pernambuco,IPOJUCA,15900,15488,97
04/2021,PETROLEO BRASILEIRO S/A,33000167111108,RNEST,NORDESTE,Pernambuco,IPOJUCA,15900,13257,83
05/2021,PETROLEO BRASILEIRO S/A,33000167111108,RNEST,NORDESTE,Pernambuco,IPOJUCA,15900,13083,82
06/2021,PETROLEO BRASILEIRO S/A,33000167111108,RNEST,NORDESTE,Pernambuco,IPOJUCA,15900,12850,81
07/2021,PETROLEO BRASILEIRO S/A,33000167111108,RNEST,NORDESTE,Pernambuco,IPOJUCA,15900,9267,58
08/2021,PETROLEO BRASILEIRO S/A,33000167111108,RNEST,NORDESTE,Pernambuco,IPOJUCA,15900,0,0
09/2021,PETROLEO BRASILEIRO S/A,33000167111108,RNEST,NORDESTE,Pernambuco,IPOJUCA,15900,3835,24
10/2021,PETROLEO BRASILEIRO S/A,33000167111108,RNEST,NORDESTE,Pernambuco,IPOJUCA,15900,11080,70
11/2021,PETROLEO BRASILEIRO S/A,33000167111108,RNEST,NORDESTE,Pernambuco,IPOJUCA,15900,12171,77
12/2021,PETROLEO BRASILEIRO S/A,33000167111108,RNEST,NORDESTE,Pernambuco,IPOJUCA,15900,10540,66
01/2022,PETROLEO BRASILEIRO S/A,33000167111108,RNEST,NORDESTE,Pernambuco,IPOJUCA,15900,13438,85
02/2022,PETROLEO BRASILEIRO S/A,33000167111108,RNEST,NORDESTE,Pernambuco,IPOJUCA,15900,12568,79
03/2022,PETROLEO BRASILEIRO S/A,33000167111108,RNEST,NORDESTE,Pernambuco,IPOJUCA,15900,11676,73
04/2022,PETROLEO BRASILEIRO S/A,33000167111108,RNEST,NORDESTE,Pernambuco,IPOJUCA,15900,10030,63
05/2022,PETROLEO BRASILEIRO S/A,33000167111108,RNEST,NORDESTE,Pernambuco,IPOJUCA,15900,10231,64
06/2022,PETROLEO BRASILEIRO S/A,33000167111108,RNEST,NORDESTE,Pernambuco,IPOJUCA,15900,10660,67
07/2022,PETROLEO BRASILEIRO S/A,33000167111108,RNEST,NORDESTE,Pernambuco,IPOJUCA,15900,12130,76
08/2022,PETROLEO BRASILEIRO S/A,33000167111108,RNEST,NORDESTE,Pernambuco,IPOJUCA,15900,12752,80
09/2022,PETROLEO BRASILEIRO S/A,33000167111108,RNEST,NORDESTE,Pernambuco,IPOJUCA,15900,12070,76
10/2022,PETROLEO BRASILEIRO S/A,33000167111108,RNEST,NORDESTE,Pernambuco,IPOJUCA,15900,10739,68
11/2022,PETROLEO BRASILEIRO S/A,33000167111108,RNEST,NORDESTE,Pernambuco,IPOJUCA,15900,11485,72
12/2022,PETROLEO BRASILEIRO S/A,33000167111108,RNEST,NORDESTE,Pernambuco,IPOJUCA,15900,11671,73
01/2023,PETROLEO BRASILEIRO S/A,33000167111108,RNEST,NORDESTE,Pernambuco,IPOJUCA,15900,12540,79
02/2023,PETROLEO BRASILEIRO S/A,33000167111108,RNEST,NORDESTE,Pernambuco,IPOJUCA,15900,12746,80
03/2023,PETROLEO BRASILEIRO S/A,33000167111108,RNEST,NORDESTE,Pernambuco,IPOJUCA,15900,13245,83
04/2023,PETROLEO BRASILEIRO S/A,33000167111108,RNEST,NORDESTE,Pernambuco,IPOJUCA,15900,13650,86
05/2023,PETROLEO BRASILEIRO S/A,33000167111108,RNEST,NORDESTE,Pernambuco,IPOJUCA,15900,14199,89
06/2023,PETROLEO BRASILEIRO S/A,33000167111108,RNEST,NORDESTE,Pernambuco,IPOJUCA,15900,14292,90
07/2023,PETROLEO BRASILEIRO S/A,33000167111108,RNEST,NORDESTE,Pernambuco,IPOJUCA,15900,13899,87
08/2023,PETROLEO BRASILEIRO S/A,33000167111108,RNEST,NORDESTE,Pernambuco,IPOJUCA,15900,12769,80
01/2019,PETROLEO BRASILEIRO S/A,33000167014757,RPBC,SUDESTE,São Paulo,CUBATAO,27000,23315,86
02/2019,PETROLEO BRASILEIRO S/A,33000167014757,RPBC,SUDESTE,São Paulo,CUBATAO,27000,23930,89
03/2019,PETROLEO BRASILEIRO S/A,33000167014757,RPBC,SUDESTE,São Paulo,CUBATAO,27000,23879,88
04/2019,PETROLEO BRASILEIRO S/A,33000167014757,RPBC,SUDESTE,São Paulo,CUBATAO,27000,23729,88
05/2019,PETROLEO BRASILEIRO S/A,33000167014757,RPBC,SUDESTE,São Paulo,CUBATAO,27000,20160,75
06/2019,PETROLEO BRASILEIRO S/A,33000167014757,RPBC,SUDESTE,São Paulo,CUBATAO,27000,16217,60
07/2019,PETROLEO BRASILEIRO S/A,33000167014757,RPBC,SUDESTE,São Paulo,CUBATAO,27000,15643,58
08/2019,PETROLEO BRASILEIRO S/A,33000167014757,RPBC,SUDESTE,São Paulo,CUBATAO,27000,17954,66
09/2019,PETROLEO BRASILEIRO S/A,33000167014757,RPBC,SUDESTE,São Paulo,CUBATAO,27000,24443,91
10/2019,PETROLEO BRASILEIRO S/A,33000167014757,RPBC,SUDESTE,São Paulo,CUBATAO,27000,22541,83
11/2019,PETROLEO BRASILEIRO S/A,33000167014757,RPBC,SUDESTE,São Paulo,CUBATAO,28488,22517,79
12/2019,PETROLEO BRASILEIRO S/A,33000167014757,RPBC,SUDESTE,São Paulo,CUBATAO,28488,20244,71
01/2020,PETROLEO BRASILEIRO S/A,33000167014757,RPBC,SUDESTE,São Paulo,CUBATAO,28488,20507,72
02/2020,PETROLEO BRASILEIRO S/A,33000167014757,RPBC,SUDESTE,São Paulo,CUBATAO,28488,20493,72
03/2020,PETROLEO BRASILEIRO S/A,33000167014757,RPBC,SUDESTE,São Paulo,CUBATAO,28488,20732,73
04/2020,PETROLEO BRASILEIRO S/A,33000167014757,RPBC,SUDESTE,São Paulo,CUBATAO,28488,15637,55
05/2020,PETROLEO BRASILEIRO S/A,33000167014757,RPBC,SUDESTE,São Paulo,CUBATAO,28488,22370,79
06/2020,PETROLEO BRASILEIRO S/A,33000167014757,RPBC,SUDESTE,São Paulo,CUBATAO,28488,24740,87
07/2020,PETROLEO BRASILEIRO S/A,33000167014757,RPBC,SUDESTE,São Paulo,CUBATAO,28488,22379,79
08/2020,PETROLEO BRASILEIRO S/A,33000167014757,RPBC,SUDESTE,São Paulo,CUBATAO,28488,25261,89
09/2020,PETROLEO BRASILEIRO S/A,33000167014757,RPBC,SUDESTE,São Paulo,CUBATAO,28488,24600,86
10/2020,PETROLEO BRASILEIRO S/A,33000167014757,RPBC,SUDESTE,São Paulo,CUBATAO,28488,25716,90
11/2020,PETROLEO BRASILEIRO S/A,33000167014757,RPBC,SUDESTE,São Paulo,CUBATAO,28488,26807,94
12/2020,PETROLEO BRASILEIRO S/A,33000167014757,RPBC,SUDESTE,São Paulo,CUBATAO,28488,24245,85
01/2021,PETROLEO BRASILEIRO S/A,33000167014757,RPBC,SUDESTE,São Paulo,CUBATAO,28488,21456,75
02/2021,PETROLEO BRASILEIRO S/A,33000167014757,RPBC,SUDESTE,São Paulo,CUBATAO,28488,22795,80
03/2021,PETROLEO BRASILEIRO S/A,33000167014757,RPBC,SUDESTE,São Paulo,CUBATAO,28488,18393,65
04/2021,PETROLEO BRASILEIRO S/A,33000167014757,RPBC,SUDESTE,São Paulo,CUBATAO,28488,15946,56
05/2021,PETROLEO BRASILEIRO S/A,33000167014757,RPBC,SUDESTE,São Paulo,CUBATAO,28488,22103,78
06/2021,PETROLEO BRASILEIRO S/A,33000167014757,RPBC,SUDESTE,São Paulo,CUBATAO,28488,25542,90
07/2021,PETROLEO BRASILEIRO S/A,33000167014757,RPBC,SUDESTE,São Paulo,CUBATAO,28488,26065,91
08/2021,PETROLEO BRASILEIRO S/A,33000167014757,RPBC,SUDESTE,São Paulo,CUBATAO,28488,27113,95
09/2021,PETROLEO BRASILEIRO S/A,33000167014757,RPBC,SUDESTE,São Paulo,CUBATAO,28488,28321,99
10/2021,PETROLEO BRASILEIRO S/A,33000167014757,RPBC,SUDESTE,São Paulo,CUBATAO,28488,25673,90
11/2021,PETROLEO BRASILEIRO S/A,33000167014757,RPBC,SUDESTE,São Paulo,CUBATAO,28488,28392,100
12/2021,PETROLEO BRASILEIRO S/A,33000167014757,RPBC,SUDESTE,São Paulo,CUBATAO,28488,24085,85
01/2022,PETROLEO BRASILEIRO S/A,33000167014757,RPBC,SUDESTE,São Paulo,CUBATAO,28488,25877,91
02/2022,PETROLEO BRASILEIRO S/A,33000167014757,RPBC,SUDESTE,São Paulo,CUBATAO,28488,28055,98
03/2022,PETROLEO BRASILEIRO S/A,33000167014757,RPBC,SUDESTE,São Paulo,CUBATAO,28488,28120,99
04/2022,PETROLEO BRASILEIRO S/A,33000167014757,RPBC,SUDESTE,São Paulo,CUBATAO,28488,27948,98
05/2022,PETROLEO BRASILEIRO S/A,33000167014757,RPBC,SUDESTE,São Paulo,CUBATAO,28488,27170,95
06/2022,PETROLEO BRASILEIRO S/A,33000167014757,RPBC,SUDESTE,São Paulo,CUBATAO,28488,28233,99
07/2022,PETROLEO BRASILEIRO S/A,33000167014757,RPBC,SUDESTE,São Paulo,CUBATAO,28488,28199,99
08/2022,PETROLEO BRASILEIRO S/A,33000167014757,RPBC,SUDESTE,São Paulo,CUBATAO,28488,27041,95
09/2022,PETROLEO BRASILEIRO S/A,33000167014757,RPBC,SUDESTE,São Paulo,CUBATAO,28488,28060,98
10/2022,PETROLEO BRASILEIRO S/A,33000167014757,RPBC,SUDESTE,São Paulo,CUBATAO,28488,27641,97
11/2022,PETROLEO BRASILEIRO S/A,33000167014757,RPBC,SUDESTE,São Paulo,CUBATAO,28488,27888,98
12/2022,PETROLEO BRASILEIRO S/A,33000167014757,RPBC,SUDESTE,São Paulo,CUBATAO,28488,28265,99
01/2023,PETROLEO BRASILEIRO S/A,33000167014757,RPBC,SUDESTE,São Paulo,CUBATAO,28488,25946,91
02/2023,PETROLEO BRASILEIRO S/A,33000167014757,RPBC,SUDESTE,São Paulo,CUBATAO,28488,24826,87
03/2023,PETROLEO BRASILEIRO S/A,33000167014757,RPBC,SUDESTE,São Paulo,CUBATAO,28488,14106,50
04/2023,PETROLEO BRASILEIRO S/A,33000167014757,RPBC,SUDESTE,São Paulo,CUBATAO,28488,16294,57
05/2023,PETROLEO BRASILEIRO S/A,33000167014757,RPBC,SUDESTE,São Paulo,CUBATAO,28488,25485,89
06/2023,PETROLEO BRASILEIRO S/A,33000167014757,RPBC,SUDESTE,São Paulo,CUBATAO,28488,27505,97
07/2023,PETROLEO BRASILEIRO S/A,33000167014757,RPBC,SUDESTE,São Paulo,CUBATAO,28488,26937,95
08/2023,PETROLEO BRASILEIRO S/A,33000167014757,RPBC,SUDESTE,São Paulo,CUBATAO,28488,27622,97
10/2021,SSOIL ENERGY S/A,30459634000178,SSOIL,SUDESTE,São Paulo,COROADOS,1987,0,0
11/2021,SSOIL ENERGY S/A,30459634000178,SSOIL,SUDESTE,São Paulo,COROADOS,1987,0,0
12/2021,SSOIL ENERGY S/A,30459634000178,SSOIL,SUDESTE,São Paulo,COROADOS,1987,0,0
01/2022,SSOIL ENERGY S/A,30459634000178,SSOIL,SUDESTE,São Paulo,COROADOS,1987,0,0
02/2022,SSOIL ENERGY S/A,30459634000178,SSOIL,SUDESTE,São Paulo,COROADOS,1987,0,0
03/2022,SSOIL ENERGY S/A,30459634000178,SSOIL,SUDESTE,São Paulo,COROADOS,1987,0,0
04/2022,SSOIL ENERGY S/A,30459634000178,SSOIL,SUDESTE,São Paulo,COROADOS,1987,0,0
05/2022,SSOIL ENERGY S/A,30459634000178,SSOIL,SUDESTE,São Paulo,COROADOS,1987,14,1
06/2022,SSOIL ENERGY S/A,30459634000178,SSOIL,SUDESTE,São Paulo,COROADOS,1987,28,1
07/2022,SSOIL ENERGY S/A,30459634000178,SSOIL,SUDESTE,São Paulo,COROADOS,1987,51,3
08/2022,SSOIL ENERGY S/A,30459634000178,SSOIL,SUDESTE,São Paulo,COROADOS,1987,75,4
09/2022,SSOIL ENERGY S/A,30459634000178,SSOIL,SUDESTE,São Paulo,COROADOS,1987,87,4
10/2022,SSOIL ENERGY S/A,30459634000178,SSOIL,SUDESTE,São Paulo,COROADOS,1987,64,3
11/2022,SSOIL ENERGY S/A,30459634000178,SSOIL,SUDESTE,São Paulo,COROADOS,1987,22,1
12/2022,SSOIL ENERGY S/A,30459634000178,SSOIL,SUDESTE,São Paulo,COROADOS,1987,0,0
01/2023,SSOIL ENERGY S/A,30459634000178,SSOIL,SUDESTE,São Paulo,COROADOS,1987,0,0
02/2023,SSOIL ENERGY S/A,30459634000178,SSOIL,SUDESTE,São Paulo,COROADOS,1987,0,0
03/2023,SSOIL ENERGY S/A,30459634000178,SSOIL,SUDESTE,São Paulo,COROADOS,1987,0,0
04/2023,SSOIL ENERGY S/A,30459634000178,SSOIL,SUDESTE,São Paulo,COROADOS,1987,0,0
05/2023,SSOIL ENERGY S/A,30459634000178,SSOIL,SUDESTE,São Paulo,COROADOS,1987,0,0
06/2023,SSOIL ENERGY S/A,30459634000178,SSOIL,SUDESTE,São Paulo,COROADOS,1987,0,0
07/2023,SSOIL ENERGY S/A,30459634000178,SSOIL,SUDESTE,São Paulo,COROADOS,1987,0,0
08/2023,SSOIL ENERGY S/A,30459634000178,SSOIL,SUDESTE,São Paulo,COROADOS,1987,0,0
01/2019,UNIVEN REFINARIA DE PETRÓLEO LTDA.,67276923000494,UNIVEN,SUDESTE,São Paulo,ITUPEVA,820,0,0
02/2019,UNIVEN REFINARIA DE PETRÓLEO LTDA.,67276923000494,UNIVEN,SUDESTE,São Paulo,ITUPEVA,820,0,0
03/2019,UNIVEN REFINARIA DE PETRÓLEO LTDA.,67276923000494,UNIVEN,SUDESTE,São Paulo,ITUPEVA,820,0,0
04/2019,UNIVEN REFINARIA DE PETRÓLEO LTDA.,67276923000494,UNIVEN,SUDESTE,São Paulo,ITUPEVA,820,0,0
05/2019,UNIVEN REFINARIA DE PETRÓLEO LTDA.,67276923000494,UNIVEN,SUDESTE,São Paulo,ITUPEVA,820,0,0
06/2019,UNIVEN REFINARIA DE PETRÓLEO LTDA.,67276923000494,UNIVEN,SUDESTE,São Paulo,ITUPEVA,820,0,0
07/2019,UNIVEN REFINARIA DE PETRÓLEO LTDA.,67276923000494,UNIVEN,SUDESTE,São Paulo,ITUPEVA,820,0,0
08/2019,UNIVEN REFINARIA DE PETRÓLEO LTDA.,67276923000494,UNIVEN,SUDESTE,São Paulo,ITUPEVA,820,0,0
09/2019,UNIVEN REFINARIA DE PETRÓLEO LTDA.,67276923000494,UNIVEN,SUDESTE,São Paulo,ITUPEVA,820,0,0
10/2019,UNIVEN REFINARIA DE PETRÓLEO LTDA.,67276923000494,UNIVEN,SUDESTE,São Paulo,ITUPEVA,820,0,0
11/2019,UNIVEN REFINARIA DE PETRÓLEO LTDA.,67276923000494,UNIVEN,SUDESTE,São Paulo,ITUPEVA,820,0,0
12/2019,UNIVEN REFINARIA DE PETRÓLEO LTDA.,67276923000494,UNIVEN,SUDESTE,São Paulo,ITUPEVA,820,0,0
01/2020,UNIVEN REFINARIA DE PETRÓLEO LTDA.,67276923000494,UNIVEN,SUDESTE,São Paulo,ITUPEVA,820,0,0
02/2020,UNIVEN REFINARIA DE PETRÓLEO LTDA.,67276923000494,UNIVEN,SUDESTE,São Paulo,ITUPEVA,820,0,0
03/2020,UNIVEN REFINARIA DE PETRÓLEO LTDA.,67276923000494,UNIVEN,SUDESTE,São Paulo,ITUPEVA,820,0,0
04/2020,UNIVEN REFINARIA DE PETRÓLEO LTDA.,67276923000494,UNIVEN,SUDESTE,São Paulo,ITUPEVA,820,0,0
05/2020,UNIVEN REFINARIA DE PETRÓLEO LTDA.,67276923000494,UNIVEN,SUDESTE,São Paulo,ITUPEVA,820,0,0
06/2020,UNIVEN REFINARIA DE PETRÓLEO LTDA.,67276923000494,UNIVEN,SUDESTE,São Paulo,ITUPEVA,820,0,0
07/2020,UNIVEN REFINARIA DE PETRÓLEO LTDA.,67276923000494,UNIVEN,SUDESTE,São Paulo,ITUPEVA,820,0,0
08/2020,UNIVEN REFINARIA DE PETRÓLEO LTDA.,67276923000494,UNIVEN,SUDESTE,São Paulo,ITUPEVA,820,0,0
09/2020,UNIVEN REFINARIA DE PETRÓLEO LTDA.,67276923000494,UNIVEN,SUDESTE,São Paulo,ITUPEVA,820,0,0
10/2020,UNIVEN REFINARIA DE PETRÓLEO LTDA.,67276923000494,UNIVEN,SUDESTE,São Paulo,ITUPEVA,820,0,0
11/2020,UNIVEN REFINARIA DE PETRÓLEO LTDA.,67276923000494,UNIVEN,SUDESTE,São Paulo,ITUPEVA,820,0,0
12/2020,UNIVEN REFINARIA DE PETRÓLEO LTDA.,67276923000494,UNIVEN,SUDESTE,São Paulo,ITUPEVA,820,0,0
01/2021,UNIVEN REFINARIA DE PETRÓLEO LTDA.,67276923000494,UNIVEN,SUDESTE,São Paulo,ITUPEVA,820,0,0
02/2021,UNIVEN REFINARIA DE PETRÓLEO LTDA.,67276923000494,UNIVEN,SUDESTE,São Paulo,ITUPEVA,820,0,0
03/2021,UNIVEN REFINARIA DE PETRÓLEO LTDA.,67276923000494,UNIVEN,SUDESTE,São Paulo,ITUPEVA,820,0,0
04/2021,UNIVEN REFINARIA DE PETRÓLEO LTDA.,67276923000494,UNIVEN,SUDESTE,São Paulo,ITUPEVA,820,0,0
05/2021,UNIVEN REFINARIA DE PETRÓLEO LTDA.,67276923000494,UNIVEN,SUDESTE,São Paulo,ITUPEVA,820,0,0
06/2021,UNIVEN REFINARIA DE PETRÓLEO LTDA.,67276923000494,UNIVEN,SUDESTE,São Paulo,ITUPEVA,820,0,0
07/2021,UNIVEN REFINARIA DE PETRÓLEO LTDA.,67276923000494,UNIVEN,SUDESTE,São Paulo,ITUPEVA,820,0,0
08/2021,UNIVEN REFINARIA DE PETRÓLEO LTDA.,67276923000494,UNIVEN,SUDESTE,São Paulo,ITUPEVA,820,0,0
09/2021,UNIVEN REFINARIA DE PETRÓLEO LTDA.,67276923000494,UNIVEN,SUDESTE,São Paulo,ITUPEVA,820,0,0
10/2021,UNIVEN REFINARIA DE PETRÓLEO LTDA.,67276923000494,UNIVEN,SUDESTE,São Paulo,ITUPEVA,820,0,0
11/2021,UNIVEN REFINARIA DE PETRÓLEO LTDA.,67276923000494,UNIVEN,SUDESTE,São Paulo,ITUPEVA,820,0,0
12/2021,UNIVEN REFINARIA DE PETRÓLEO LTDA.,67276923000494,UNIVEN,SUDESTE,São Paulo,ITUPEVA,820,0,0
01/2022,UNIVEN REFINARIA DE PETRÓLEO LTDA.,67276923000494,UNIVEN,SUDESTE,São Paulo,ITUPEVA,820,0,0
02/2022,UNIVEN REFINARIA DE PETRÓLEO LTDA.,67276923000494,UNIVEN,SUDESTE,São Paulo,ITUPEVA,820,0,0
03/2022,UNIVEN REFINARIA DE PETRÓLEO LTDA.,67276923000494,UNIVEN,SUDESTE,São Paulo,ITUPEVA,820,0,0
04/2022,UNIVEN REFINARIA DE PETRÓLEO LTDA.,67276923000494,UNIVEN,SUDESTE,São Paulo,ITUPEVA,820,0,0
05/2022,UNIVEN REFINARIA DE PETRÓLEO LTDA.,67276923000494,UNIVEN,SUDESTE,São Paulo,ITUPEVA,820,0,0
06/2022,UNIVEN REFINARIA DE PETRÓLEO LTDA.,67276923000494,UNIVEN,SUDESTE,São Paulo,ITUPEVA,820,0,0
07/2022,UNIVEN REFINARIA DE PETRÓLEO LTDA.,67276923000494,UNIVEN,SUDESTE,São Paulo,ITUPEVA,820,0,0
08/2022,UNIVEN REFINARIA DE PETRÓLEO LTDA.,67276923000494,UNIVEN,SUDESTE,São Paulo,ITUPEVA,820,0,0
09/2022,UNIVEN REFINARIA DE PETRÓLEO LTDA.,67276923000494,UNIVEN,SUDESTE,São Paulo,ITUPEVA,820,0,0
10/2022,UNIVEN REFINARIA DE PETRÓLEO LTDA.,67276923000494,UNIVEN,SUDESTE,São Paulo,ITUPEVA,820,0,0
11/2022,UNIVEN REFINARIA DE PETRÓLEO LTDA.,67276923000494,UNIVEN,SUDESTE,São Paulo,ITUPEVA,820,0,0
12/2022,UNIVEN REFINARIA DE PETRÓLEO LTDA.,67276923000494,UNIVEN,SUDESTE,São Paulo,ITUPEVA,820,0,0
01/2023,UNIVEN REFINARIA DE PETRÓLEO LTDA.,67276923000494,UNIVEN,SUDESTE,São Paulo,ITUPEVA,820,0,0
02/2023,UNIVEN REFINARIA DE PETRÓLEO LTDA.,67276923000494,UNIVEN,SUDESTE,São Paulo,ITUPEVA,820,0,0
03/2023,UNIVEN REFINARIA DE PETRÓLEO LTDA.,67276923000494,UNIVEN,SUDESTE,São Paulo,ITUPEVA,820,0,0
04/2023,UNIVEN REFINARIA DE PETRÓLEO LTDA.,67276923000494,UNIVEN,SUDESTE,São Paulo,ITUPEVA,820,0,0
05/2023,UNIVEN REFINARIA DE PETRÓLEO LTDA.,67276923000494,UNIVEN,SUDESTE,São Paulo,ITUPEVA,820,0,0
06/2023,UNIVEN REFINARIA DE PETRÓLEO LTDA.,67276923000494,UNIVEN,SUDESTE,São Paulo,ITUPEVA,820,0,0
07/2023,UNIVEN REFINARIA DE PETRÓLEO LTDA.,67276923000494,UNIVEN,SUDESTE,São Paulo,ITUPEVA,820,0,0
08/2023,UNIVEN REFINARIA DE PETRÓLEO LTDA.,67276923000494,UNIVEN,SUDESTE,São Paulo,ITUPEVA,820,0,0
