ANO;MÊS;UNIDADE DA FEDERAÇÃO;PRODUTOR;PRODUTO;PRODUÇÃO
2001;JAN;PARANÁ;SIX;GLP;1914,536294
2001;FEV;PARANÁ;SIX;GLP;1925,01399
2001;MAR;PARANÁ;SIX;GLP;2361,940299
2001;ABR;PARANÁ;SIX;GLP;2501,86428
2001;MAI;PARANÁ;SIX;GLP;2313,16726
2001;JUN;PARANÁ;SIX;GLP;2553,631916
2001;JUL;PARANÁ;SIX;GLP;2442,862495
2001;AGO;PARANÁ;SIX;GLP;2130,133133
2001;SET;PARANÁ;SIX;GLP;2505,121997
2001;OUT;PARANÁ;SIX;GLP;2367,88805
2001;NOV;PARANÁ;SIX;GLP;2052,823315
2001;DEZ;PARANÁ;SIX;GLP;2490,902475
2001;JAN;PARANÁ;SIX;NAFTA;3204
2001;FEV;PARANÁ;SIX;NAFTA;2953
2001;MAR;PARANÁ;SIX;NAFTA;3453
2001;ABR;PARANÁ;SIX;NAFTA;3609
2001;MAI;PARANÁ;SIX;NAFTA;3072
2001;JUN;PARANÁ;SIX;NAFTA;3341
2001;JUL;PARANÁ;SIX;NAFTA;3584
2001;AGO;PARANÁ;SIX;NAFTA;2924
2001;SET;PARANÁ;SIX;NAFTA;3599
2001;OUT;PARANÁ;SIX;NAFTA;2969
2001;NOV;PARANÁ;SIX;NAFTA;3524
2001;DEZ;PARANÁ;SIX;NAFTA;3856
2001;JAN;PARANÁ;SIX;ÓLEO COMBUSTÍVEL;15473,68067
2001;FEV;PARANÁ;SIX;ÓLEO COMBUSTÍVEL;7953,683161
2001;MAR;PARANÁ;SIX;ÓLEO COMBUSTÍVEL;9894
2001;ABR;PARANÁ;SIX;ÓLEO COMBUSTÍVEL;9923
2001;MAI;PARANÁ;SIX;ÓLEO COMBUSTÍVEL;7078,08629
2001;JUN;PARANÁ;SIX;ÓLEO COMBUSTÍVEL;10461,90538
2001;JUL;PARANÁ;SIX;ÓLEO COMBUSTÍVEL;9722,051978
2001;AGO;PARANÁ;SIX;ÓLEO COMBUSTÍVEL;9440,456337
2001;SET;PARANÁ;SIX;ÓLEO COMBUSTÍVEL;8437,510002
2001;OUT;PARANÁ;SIX;ÓLEO COMBUSTÍVEL;9694,834887
2001;NOV;PARANÁ;SIX;ÓLEO COMBUSTÍVEL;10278,53212
2001;DEZ;PARANÁ;SIX;ÓLEO COMBUSTÍVEL;10678,47237
2001;JAN;PARANÁ;SIX;OUTROS NÃO ENERGÉTICOS;1292,298716
2001;FEV;PARANÁ;SIX;OUTROS NÃO ENERGÉTICOS;1104,84196
2001;MAR;PARANÁ;SIX;OUTROS NÃO ENERGÉTICOS;1139
2001;ABR;PARANÁ;SIX;OUTROS NÃO ENERGÉTICOS;1091
2001;MAI;PARANÁ;SIX;OUTROS NÃO ENERGÉTICOS;1075,683649
2001;JUN;PARANÁ;SIX;OUTROS NÃO ENERGÉTICOS;1251,489869
2001;JUL;PARANÁ;SIX;OUTROS NÃO ENERGÉTICOS;1247,068246
2001;AGO;PARANÁ;SIX;OUTROS NÃO ENERGÉTICOS;1218,552522
2001;SET;PARANÁ;SIX;OUTROS NÃO ENERGÉTICOS;1385,642738
2001;OUT;PARANÁ;SIX;OUTROS NÃO ENERGÉTICOS;1354,55448
2001;NOV;PARANÁ;SIX;OUTROS NÃO ENERGÉTICOS;1199,611147
2001;DEZ;PARANÁ;SIX;OUTROS NÃO ENERGÉTICOS;1362,615854
2001;JAN;PARANÁ;SIX;DIESEL;0
2001;FEV;PARANÁ;SIX;DIESEL;0
2001;MAR;PARANÁ;SIX;DIESEL;0
2001;ABR;PARANÁ;SIX;DIESEL;0
2001;MAI;PARANÁ;SIX;DIESEL;0
2001;JUN;PARANÁ;SIX;DIESEL;0
2001;JUL;PARANÁ;SIX;DIESEL;0
2001;AGO;PARANÁ;SIX;DIESEL;0
2001;SET;PARANÁ;SIX;DIESEL;0
2001;OUT;PARANÁ;SIX;DIESEL;0
2001;NOV;PARANÁ;SIX;DIESEL;0
2001;DEZ;PARANÁ;SIX;DIESEL;0
2002;JAN;PARANÁ;SIX;GLP;2381,385203
2002;FEV;PARANÁ;SIX;GLP;1808,762043
2002;MAR;PARANÁ;SIX;GLP;1190,692601
2002;ABR;PARANÁ;SIX;GLP;432,7272727
2002;MAI;PARANÁ;SIX;GLP;9,090909091
2002;JUN;PARANÁ;SIX;GLP;690,9090909
2002;JUL;PARANÁ;SIX;GLP;616,3636364
2002;AGO;PARANÁ;SIX;GLP;1243,636364
2002;SET;PARANÁ;SIX;GLP;1801,818182
2002;OUT;PARANÁ;SIX;GLP;1927,272727
2002;NOV;PARANÁ;SIX;GLP;1710,909091
2002;DEZ;PARANÁ;SIX;GLP;2214,545455
2002;JAN;PARANÁ;SIX;NAFTA;3016
2002;FEV;PARANÁ;SIX;NAFTA;2425
2002;MAR;PARANÁ;SIX;NAFTA;3527
2002;ABR;PARANÁ;SIX;NAFTA;3420
2002;MAI;PARANÁ;SIX;NAFTA;3201
2002;JUN;PARANÁ;SIX;NAFTA;2829
2002;JUL;PARANÁ;SIX;NAFTA;2938
2002;AGO;PARANÁ;SIX;NAFTA;3891
2002;SET;PARANÁ;SIX;NAFTA;3115
2002;OUT;PARANÁ;SIX;NAFTA;3489
2002;NOV;PARANÁ;SIX;NAFTA;3066
2002;DEZ;PARANÁ;SIX;NAFTA;4191
2002;JAN;PARANÁ;SIX;ÓLEO COMBUSTÍVEL;10169,4554
2002;FEV;PARANÁ;SIX;ÓLEO COMBUSTÍVEL;10022,8952
2002;MAR;PARANÁ;SIX;ÓLEO COMBUSTÍVEL;12217,18933
2002;ABR;PARANÁ;SIX;ÓLEO COMBUSTÍVEL;11978,00597
2002;MAI;PARANÁ;SIX;ÓLEO COMBUSTÍVEL;11140,83672
2002;JUN;PARANÁ;SIX;ÓLEO COMBUSTÍVEL;10711,42024
2002;JUL;PARANÁ;SIX;ÓLEO COMBUSTÍVEL;11058,71009
2002;AGO;PARANÁ;SIX;ÓLEO COMBUSTÍVEL;11700,75117
2002;SET;PARANÁ;SIX;ÓLEO COMBUSTÍVEL;10696,47041
2002;OUT;PARANÁ;SIX;ÓLEO COMBUSTÍVEL;10293,09022
2002;NOV;PARANÁ;SIX;ÓLEO COMBUSTÍVEL;8981,207665
2002;DEZ;PARANÁ;SIX;ÓLEO COMBUSTÍVEL;8491,323393
2002;JAN;PARANÁ;SIX;OUTROS NÃO ENERGÉTICOS;1308,057408
2002;FEV;PARANÁ;SIX;OUTROS NÃO ENERGÉTICOS;1000,111557
2002;MAR;PARANÁ;SIX;OUTROS NÃO ENERGÉTICOS;1267,668089
2002;ABR;PARANÁ;SIX;OUTROS NÃO ENERGÉTICOS;1183,053112
2002;MAI;PARANÁ;SIX;OUTROS NÃO ENERGÉTICOS;1112,724835
2002;JUN;PARANÁ;SIX;OUTROS NÃO ENERGÉTICOS;1088,765991
2002;JUL;PARANÁ;SIX;OUTROS NÃO ENERGÉTICOS;633,4841629
2002;AGO;PARANÁ;SIX;OUTROS NÃO ENERGÉTICOS;1514,440534
2002;SET;PARANÁ;SIX;OUTROS NÃO ENERGÉTICOS;175,409195
2002;OUT;PARANÁ;SIX;OUTROS NÃO ENERGÉTICOS;1302,793296
2002;NOV;PARANÁ;SIX;OUTROS NÃO ENERGÉTICOS;884,9162011
2002;DEZ;PARANÁ;SIX;OUTROS NÃO ENERGÉTICOS;683,2402235
2002;JAN;PARANÁ;SIX;DIESEL;0
2002;FEV;PARANÁ;SIX;DIESEL;0
2002;MAR;PARANÁ;SIX;DIESEL;0
2002;ABR;PARANÁ;SIX;DIESEL;0
2002;MAI;PARANÁ;SIX;DIESEL;0
2002;JUN;PARANÁ;SIX;DIESEL;0
2002;JUL;PARANÁ;SIX;DIESEL;0
2002;AGO;PARANÁ;SIX;DIESEL;0
2002;SET;PARANÁ;SIX;DIESEL;0
2002;OUT;PARANÁ;SIX;DIESEL;0
2002;NOV;PARANÁ;SIX;DIESEL;0
2002;DEZ;PARANÁ;SIX;DIESEL;0
2003;JAN;PARANÁ;SIX;GLP;1641,818182
2003;FEV;PARANÁ;SIX;GLP;1896,363636
2003;MAR;PARANÁ;SIX;GLP;2101,422838
2003;ABR;PARANÁ;SIX;GLP;1639,314369
2003;MAI;PARANÁ;SIX;GLP;143,688614
2003;JUN;PARANÁ;SIX;GLP;1003,11755
2003;JUL;PARANÁ;SIX;GLP;2438,712038
2003;AGO;PARANÁ;SIX;GLP;2054,073671
2003;SET;PARANÁ;SIX;GLP;2373,434948
2003;OUT;PARANÁ;SIX;GLP;2369,090909
2003;NOV;PARANÁ;SIX;GLP;1716,363636
2003;DEZ;PARANÁ;SIX;GLP;2157,943067
2003;JAN;PARANÁ;SIX;NAFTA;3444
2003;FEV;PARANÁ;SIX;NAFTA;3337
2003;MAR;PARANÁ;SIX;NAFTA;3908
2003;ABR;PARANÁ;SIX;NAFTA;2930
2003;MAI;PARANÁ;SIX;NAFTA;1461
2003;JUN;PARANÁ;SIX;NAFTA;2199
2003;JUL;PARANÁ;SIX;NAFTA;4763
2003;AGO;PARANÁ;SIX;NAFTA;3568
2003;SET;PARANÁ;SIX;NAFTA;3980
2003;OUT;PARANÁ;SIX;NAFTA;3952
2003;NOV;PARANÁ;SIX;NAFTA;2956
2003;DEZ;PARANÁ;SIX;NAFTA;3952
2003;JAN;PARANÁ;SIX;ÓLEO COMBUSTÍVEL;7724,236572
2003;FEV;PARANÁ;SIX;ÓLEO COMBUSTÍVEL;9190,634021
2003;MAR;PARANÁ;SIX;ÓLEO COMBUSTÍVEL;7796,567992
2003;ABR;PARANÁ;SIX;ÓLEO COMBUSTÍVEL;7707,189085
2003;MAI;PARANÁ;SIX;ÓLEO COMBUSTÍVEL;6997,72795
2003;JUN;PARANÁ;SIX;ÓLEO COMBUSTÍVEL;6822,609338
2003;JUL;PARANÁ;SIX;ÓLEO COMBUSTÍVEL;9130,822111
2003;AGO;PARANÁ;SIX;ÓLEO COMBUSTÍVEL;8584,897993
2003;SET;PARANÁ;SIX;ÓLEO COMBUSTÍVEL;9366,898013
2003;OUT;PARANÁ;SIX;ÓLEO COMBUSTÍVEL;9433,97665
2003;NOV;PARANÁ;SIX;ÓLEO COMBUSTÍVEL;7975,963637
2003;DEZ;PARANÁ;SIX;ÓLEO COMBUSTÍVEL;7978,141035
2003;JAN;PARANÁ;SIX;OUTROS NÃO ENERGÉTICOS;879,3296089
2003;FEV;PARANÁ;SIX;OUTROS NÃO ENERGÉTICOS;840,7821229
2003;MAR;PARANÁ;SIX;OUTROS NÃO ENERGÉTICOS;2148,843729
2003;ABR;PARANÁ;SIX;OUTROS NÃO ENERGÉTICOS;769,7218982
2003;MAI;PARANÁ;SIX;OUTROS NÃO ENERGÉTICOS;323,9768368
2003;JUN;PARANÁ;SIX;OUTROS NÃO ENERGÉTICOS;572,0359987
2003;JUL;PARANÁ;SIX;OUTROS NÃO ENERGÉTICOS;1752,978654
2003;AGO;PARANÁ;SIX;OUTROS NÃO ENERGÉTICOS;910,9305526
2003;SET;PARANÁ;SIX;OUTROS NÃO ENERGÉTICOS;1643,908821
2003;OUT;PARANÁ;SIX;OUTROS NÃO ENERGÉTICOS;1780,558744
2003;NOV;PARANÁ;SIX;OUTROS NÃO ENERGÉTICOS;938,3178965
2003;DEZ;PARANÁ;SIX;OUTROS NÃO ENERGÉTICOS;1610,718605
2003;JAN;PARANÁ;SIX;DIESEL;0
2003;FEV;PARANÁ;SIX;DIESEL;0
2003;MAR;PARANÁ;SIX;DIESEL;0
2003;ABR;PARANÁ;SIX;DIESEL;0
2003;MAI;PARANÁ;SIX;DIESEL;0
2003;JUN;PARANÁ;SIX;DIESEL;0
2003;JUL;PARANÁ;SIX;DIESEL;0
2003;AGO;PARANÁ;SIX;DIESEL;0
2003;SET;PARANÁ;SIX;DIESEL;0
2003;OUT;PARANÁ;SIX;DIESEL;0
2003;NOV;PARANÁ;SIX;DIESEL;0
2003;DEZ;PARANÁ;SIX;DIESEL;0
2004;JAN;PARANÁ;SIX;GLP;2186,524692
2004;FEV;PARANÁ;SIX;GLP;1101,03392
2004;MAR;PARANÁ;SIX;GLP;1970,21972
2004;ABR;PARANÁ;SIX;GLP;2235,676848
2004;MAI;PARANÁ;SIX;GLP;2242,095754
2004;JUN;PARANÁ;SIX;GLP;2241,410653
2004;JUL;PARANÁ;SIX;GLP;2463,636364
2004;AGO;PARANÁ;SIX;GLP;2525,454545
2004;SET;PARANÁ;SIX;GLP;1570,909091
2004;OUT;PARANÁ;SIX;GLP;1913,390107
2004;NOV;PARANÁ;SIX;GLP;2089,363242
2004;DEZ;PARANÁ;SIX;GLP;2067,150635
2004;JAN;PARANÁ;SIX;NAFTA;3175
2004;FEV;PARANÁ;SIX;NAFTA;3032
2004;MAR;PARANÁ;SIX;NAFTA;3213
2004;ABR;PARANÁ;SIX;NAFTA;3317
2004;MAI;PARANÁ;SIX;NAFTA;2957
2004;JUN;PARANÁ;SIX;NAFTA;3381
2004;JUL;PARANÁ;SIX;NAFTA;3788
2004;AGO;PARANÁ;SIX;NAFTA;3956
2004;SET;PARANÁ;SIX;NAFTA;3581
2004;OUT;PARANÁ;SIX;NAFTA;3405
2004;NOV;PARANÁ;SIX;NAFTA;2925
2004;DEZ;PARANÁ;SIX;NAFTA;2964
2004;JAN;PARANÁ;SIX;ÓLEO COMBUSTÍVEL;9804,326012
2004;FEV;PARANÁ;SIX;ÓLEO COMBUSTÍVEL;8156,295621
2004;MAR;PARANÁ;SIX;ÓLEO COMBUSTÍVEL;10416,41797
2004;ABR;PARANÁ;SIX;ÓLEO COMBUSTÍVEL;9451,303602
2004;MAI;PARANÁ;SIX;ÓLEO COMBUSTÍVEL;10437,1052
2004;JUN;PARANÁ;SIX;ÓLEO COMBUSTÍVEL;11073,18693
2004;JUL;PARANÁ;SIX;ÓLEO COMBUSTÍVEL;12275,37109
2004;AGO;PARANÁ;SIX;ÓLEO COMBUSTÍVEL;12131,70641
2004;SET;PARANÁ;SIX;ÓLEO COMBUSTÍVEL;11250,82777
2004;OUT;PARANÁ;SIX;ÓLEO COMBUSTÍVEL;10595,29686
2004;NOV;PARANÁ;SIX;ÓLEO COMBUSTÍVEL;7292,279397
2004;DEZ;PARANÁ;SIX;ÓLEO COMBUSTÍVEL;8183,487206
2004;JAN;PARANÁ;SIX;OUTROS NÃO ENERGÉTICOS;1242,236182
2004;FEV;PARANÁ;SIX;OUTROS NÃO ENERGÉTICOS;1123,05056
2004;MAR;PARANÁ;SIX;OUTROS NÃO ENERGÉTICOS;1135,692976
2004;ABR;PARANÁ;SIX;OUTROS NÃO ENERGÉTICOS;1421,709124
2004;MAI;PARANÁ;SIX;OUTROS NÃO ENERGÉTICOS;1836,396838
2004;JUN;PARANÁ;SIX;OUTROS NÃO ENERGÉTICOS;1278,708014
2004;JUL;PARANÁ;SIX;OUTROS NÃO ENERGÉTICOS;1331,795625
2004;AGO;PARANÁ;SIX;OUTROS NÃO ENERGÉTICOS;2239,157532
2004;SET;PARANÁ;SIX;OUTROS NÃO ENERGÉTICOS;1152,169822
2004;OUT;PARANÁ;SIX;OUTROS NÃO ENERGÉTICOS;1082,227162
2004;NOV;PARANÁ;SIX;OUTROS NÃO ENERGÉTICOS;1044,834938
2004;DEZ;PARANÁ;SIX;OUTROS NÃO ENERGÉTICOS;1157,196359
2004;JAN;PARANÁ;SIX;DIESEL;0
2004;FEV;PARANÁ;SIX;DIESEL;0
2004;MAR;PARANÁ;SIX;DIESEL;0
2004;ABR;PARANÁ;SIX;DIESEL;0
2004;MAI;PARANÁ;SIX;DIESEL;0
2004;JUN;PARANÁ;SIX;DIESEL;0
2004;JUL;PARANÁ;SIX;DIESEL;0
2004;AGO;PARANÁ;SIX;DIESEL;0
2004;SET;PARANÁ;SIX;DIESEL;0
2004;OUT;PARANÁ;SIX;DIESEL;0
2004;NOV;PARANÁ;SIX;DIESEL;0
2004;DEZ;PARANÁ;SIX;DIESEL;0
2005;JAN;PARANÁ;SIX;GLP;1084,447701
2005;FEV;PARANÁ;SIX;GLP;1585,253456
2005;MAR;PARANÁ;SIX;GLP;2340,386043
2005;ABR;PARANÁ;SIX;GLP;2243,007964
2005;MAI;PARANÁ;SIX;GLP;2362,69812
2005;JUN;PARANÁ;SIX;GLP;2199,445983
2005;JUL;PARANÁ;SIX;GLP;2401,18212
2005;AGO;PARANÁ;SIX;GLP;2220,779221
2005;SET;PARANÁ;SIX;GLP;512,295082
2005;OUT;PARANÁ;SIX;GLP;0
2005;NOV;PARANÁ;SIX;GLP;1131,900704
2005;DEZ;PARANÁ;SIX;GLP;1997,784343
2005;JAN;PARANÁ;SIX;NAFTA;1890
2005;FEV;PARANÁ;SIX;NAFTA;2665
2005;MAR;PARANÁ;SIX;NAFTA;3278
2005;ABR;PARANÁ;SIX;NAFTA;3797
2005;MAI;PARANÁ;SIX;NAFTA;3396
2005;JUN;PARANÁ;SIX;NAFTA;3559
2005;JUL;PARANÁ;SIX;NAFTA;4240
2005;AGO;PARANÁ;SIX;NAFTA;3430
2005;SET;PARANÁ;SIX;NAFTA;442
2005;OUT;PARANÁ;SIX;NAFTA;1179
2005;NOV;PARANÁ;SIX;NAFTA;3047
2005;DEZ;PARANÁ;SIX;NAFTA;3629
2005;JAN;PARANÁ;SIX;ÓLEO COMBUSTÍVEL;6945,440748
2005;FEV;PARANÁ;SIX;ÓLEO COMBUSTÍVEL;6663,561811
2005;MAR;PARANÁ;SIX;ÓLEO COMBUSTÍVEL;12291,76088
2005;ABR;PARANÁ;SIX;ÓLEO COMBUSTÍVEL;10147,83134
2005;MAI;PARANÁ;SIX;ÓLEO COMBUSTÍVEL;10191,33857
2005;JUN;PARANÁ;SIX;ÓLEO COMBUSTÍVEL;11552,11869
2005;JUL;PARANÁ;SIX;ÓLEO COMBUSTÍVEL;11197,30974
2005;AGO;PARANÁ;SIX;ÓLEO COMBUSTÍVEL;9108,395929
2005;SET;PARANÁ;SIX;ÓLEO COMBUSTÍVEL;3053,688688
2005;OUT;PARANÁ;SIX;ÓLEO COMBUSTÍVEL;1129,866161
2005;NOV;PARANÁ;SIX;ÓLEO COMBUSTÍVEL;11522,20242
2005;DEZ;PARANÁ;SIX;ÓLEO COMBUSTÍVEL;10581,95751
2005;JAN;PARANÁ;SIX;OUTROS NÃO ENERGÉTICOS;860,1280023
2005;FEV;PARANÁ;SIX;OUTROS NÃO ENERGÉTICOS;858,1762922
2005;MAR;PARANÁ;SIX;OUTROS NÃO ENERGÉTICOS;1237,133824
2005;ABR;PARANÁ;SIX;OUTROS NÃO ENERGÉTICOS;952,4758634
2005;MAI;PARANÁ;SIX;OUTROS NÃO ENERGÉTICOS;1347,659176
2005;JUN;PARANÁ;SIX;OUTROS NÃO ENERGÉTICOS;1047,424403
2005;JUL;PARANÁ;SIX;OUTROS NÃO ENERGÉTICOS;1628,21374
2005;AGO;PARANÁ;SIX;OUTROS NÃO ENERGÉTICOS;1383,494264
2005;SET;PARANÁ;SIX;OUTROS NÃO ENERGÉTICOS;439,9300481
2005;OUT;PARANÁ;SIX;OUTROS NÃO ENERGÉTICOS;324,9190176
2005;NOV;PARANÁ;SIX;OUTROS NÃO ENERGÉTICOS;947,1259416
2005;DEZ;PARANÁ;SIX;OUTROS NÃO ENERGÉTICOS;1070,418967
2005;JAN;PARANÁ;SIX;DIESEL;0
2005;FEV;PARANÁ;SIX;DIESEL;0
2005;MAR;PARANÁ;SIX;DIESEL;0
2005;ABR;PARANÁ;SIX;DIESEL;0
2005;MAI;PARANÁ;SIX;DIESEL;0
2005;JUN;PARANÁ;SIX;DIESEL;0
2005;JUL;PARANÁ;SIX;DIESEL;0
2005;AGO;PARANÁ;SIX;DIESEL;0
2005;SET;PARANÁ;SIX;DIESEL;0
2005;OUT;PARANÁ;SIX;DIESEL;0
2005;NOV;PARANÁ;SIX;DIESEL;0
2005;DEZ;PARANÁ;SIX;DIESEL;0
2006;JAN;PARANÁ;SIX;GLP;1583,994099
2006;FEV;PARANÁ;SIX;GLP;1204,775023
2006;MAR;PARANÁ;SIX;GLP;2124,931306
2006;ABR;PARANÁ;SIX;GLP;2283,221233
2006;MAI;PARANÁ;SIX;GLP;2272,322224
2006;JUN;PARANÁ;SIX;GLP;2205,075446
2006;JUL;PARANÁ;SIX;GLP;2172,687225
2006;AGO;PARANÁ;SIX;GLP;2357,129816
2006;SET;PARANÁ;SIX;GLP;2081,414625
2006;OUT;PARANÁ;SIX;GLP;1892,812332
2006;NOV;PARANÁ;SIX;GLP;172,110994
2006;DEZ;PARANÁ;SIX;GLP;607,0347958
2006;JAN;PARANÁ;SIX;NAFTA;3354
2006;FEV;PARANÁ;SIX;NAFTA;2632
2006;MAR;PARANÁ;SIX;NAFTA;3274
2006;ABR;PARANÁ;SIX;NAFTA;4785
2006;MAI;PARANÁ;SIX;NAFTA;5102
2006;JUN;PARANÁ;SIX;NAFTA;3743
2006;JUL;PARANÁ;SIX;NAFTA;5183
2006;AGO;PARANÁ;SIX;NAFTA;3822
2006;SET;PARANÁ;SIX;NAFTA;3950
2006;OUT;PARANÁ;SIX;NAFTA;3858
2006;NOV;PARANÁ;SIX;NAFTA;2603
2006;DEZ;PARANÁ;SIX;NAFTA;2326
2006;JAN;PARANÁ;SIX;ÓLEO COMBUSTÍVEL;9992,93625
2006;FEV;PARANÁ;SIX;ÓLEO COMBUSTÍVEL;6856,595841
2006;MAR;PARANÁ;SIX;ÓLEO COMBUSTÍVEL;11036,37103
2006;ABR;PARANÁ;SIX;ÓLEO COMBUSTÍVEL;9506,948633
2006;MAI;PARANÁ;SIX;ÓLEO COMBUSTÍVEL;10570,98315
2006;JUN;PARANÁ;SIX;ÓLEO COMBUSTÍVEL;9894,950486
2006;JUL;PARANÁ;SIX;ÓLEO COMBUSTÍVEL;10231,74901
2006;AGO;PARANÁ;SIX;ÓLEO COMBUSTÍVEL;10387,69052
2006;SET;PARANÁ;SIX;ÓLEO COMBUSTÍVEL;8444,359344
2006;OUT;PARANÁ;SIX;ÓLEO COMBUSTÍVEL;7991,958091
2006;NOV;PARANÁ;SIX;ÓLEO COMBUSTÍVEL;8583,512742
2006;DEZ;PARANÁ;SIX;ÓLEO COMBUSTÍVEL;4446,003459
2006;JAN;PARANÁ;SIX;OUTROS NÃO ENERGÉTICOS;1061,380161
2006;FEV;PARANÁ;SIX;OUTROS NÃO ENERGÉTICOS;910,6333945
2006;MAR;PARANÁ;SIX;OUTROS NÃO ENERGÉTICOS;1242,463589
2006;ABR;PARANÁ;SIX;OUTROS NÃO ENERGÉTICOS;1046,636994
2006;MAI;PARANÁ;SIX;OUTROS NÃO ENERGÉTICOS;1195,284295
2006;JUN;PARANÁ;SIX;OUTROS NÃO ENERGÉTICOS;1259,780003
2006;JUL;PARANÁ;SIX;OUTROS NÃO ENERGÉTICOS;1292,297532
2006;AGO;PARANÁ;SIX;OUTROS NÃO ENERGÉTICOS;1250,162735
2006;SET;PARANÁ;SIX;OUTROS NÃO ENERGÉTICOS;1318,16742
2006;OUT;PARANÁ;SIX;OUTROS NÃO ENERGÉTICOS;1380,858522
2006;NOV;PARANÁ;SIX;OUTROS NÃO ENERGÉTICOS;1313,396492
2006;DEZ;PARANÁ;SIX;OUTROS NÃO ENERGÉTICOS;351,6357968
2006;JAN;PARANÁ;SIX;DIESEL;0
2006;FEV;PARANÁ;SIX;DIESEL;0
2006;MAR;PARANÁ;SIX;DIESEL;0
2006;ABR;PARANÁ;SIX;DIESEL;0
2006;MAI;PARANÁ;SIX;DIESEL;0
2006;JUN;PARANÁ;SIX;DIESEL;0
2006;JUL;PARANÁ;SIX;DIESEL;0
2006;AGO;PARANÁ;SIX;DIESEL;0
2006;SET;PARANÁ;SIX;DIESEL;0
2006;OUT;PARANÁ;SIX;DIESEL;0
2006;NOV;PARANÁ;SIX;DIESEL;0
2006;DEZ;PARANÁ;SIX;DIESEL;0
2007;JAN;PARANÁ;SIX;GLP;2085
2007;FEV;PARANÁ;SIX;GLP;2061,259873
2007;MAR;PARANÁ;SIX;GLP;1357
2007;ABR;PARANÁ;SIX;GLP;1879,900555
2007;MAI;PARANÁ;SIX;GLP;1929,723502
2007;JUN;PARANÁ;SIX;GLP;1944,136145
2007;JUL;PARANÁ;SIX;GLP;1832,662029
2007;AGO;PARANÁ;SIX;GLP;2183,479396
2007;SET;PARANÁ;SIX;GLP;1716,333459
2007;OUT;PARANÁ;SIX;GLP;2239,263804
2007;NOV;PARANÁ;SIX;GLP;2253,026847
2007;DEZ;PARANÁ;SIX;GLP;2142,110763
2007;JAN;PARANÁ;SIX;NAFTA;2879
2007;FEV;PARANÁ;SIX;NAFTA;3963
2007;MAR;PARANÁ;SIX;NAFTA;4619,053596
2007;ABR;PARANÁ;SIX;NAFTA;3976
2007;MAI;PARANÁ;SIX;NAFTA;3563
2007;JUN;PARANÁ;SIX;NAFTA;4742
2007;JUL;PARANÁ;SIX;NAFTA;3314
2007;AGO;PARANÁ;SIX;NAFTA;4693
2007;SET;PARANÁ;SIX;NAFTA;3182
2007;OUT;PARANÁ;SIX;NAFTA;4200
2007;NOV;PARANÁ;SIX;NAFTA;3490
2007;DEZ;PARANÁ;SIX;NAFTA;5462
2007;JAN;PARANÁ;SIX;ÓLEO COMBUSTÍVEL;9691,816879
2007;FEV;PARANÁ;SIX;ÓLEO COMBUSTÍVEL;8063,844167
2007;MAR;PARANÁ;SIX;ÓLEO COMBUSTÍVEL;7692
2007;ABR;PARANÁ;SIX;ÓLEO COMBUSTÍVEL;8810,205116
2007;MAI;PARANÁ;SIX;ÓLEO COMBUSTÍVEL;7733,417381
2007;JUN;PARANÁ;SIX;ÓLEO COMBUSTÍVEL;8188,872962
2007;JUL;PARANÁ;SIX;ÓLEO COMBUSTÍVEL;9433,952941
2007;AGO;PARANÁ;SIX;ÓLEO COMBUSTÍVEL;10322,21803
2007;SET;PARANÁ;SIX;ÓLEO COMBUSTÍVEL;5593,352305
2007;OUT;PARANÁ;SIX;ÓLEO COMBUSTÍVEL;8192,011842
2007;NOV;PARANÁ;SIX;ÓLEO COMBUSTÍVEL;9192,351248
2007;DEZ;PARANÁ;SIX;ÓLEO COMBUSTÍVEL;9630,063702
2007;JAN;PARANÁ;SIX;OUTROS NÃO ENERGÉTICOS;140,6909748
2007;FEV;PARANÁ;SIX;OUTROS NÃO ENERGÉTICOS;1018,264585
2007;MAR;PARANÁ;SIX;OUTROS NÃO ENERGÉTICOS;1003
2007;ABR;PARANÁ;SIX;OUTROS NÃO ENERGÉTICOS;68,73712412
2007;MAI;PARANÁ;SIX;OUTROS NÃO ENERGÉTICOS;175,2318895
2007;JUN;PARANÁ;SIX;OUTROS NÃO ENERGÉTICOS;72
2007;JUL;PARANÁ;SIX;OUTROS NÃO ENERGÉTICOS;167,3082507
2007;AGO;PARANÁ;SIX;OUTROS NÃO ENERGÉTICOS;127,6244575
2007;SET;PARANÁ;SIX;OUTROS NÃO ENERGÉTICOS;321,9338309
2007;OUT;PARANÁ;SIX;OUTROS NÃO ENERGÉTICOS;555,7812638
2007;NOV;PARANÁ;SIX;OUTROS NÃO ENERGÉTICOS;237,2806533
2007;DEZ;PARANÁ;SIX;OUTROS NÃO ENERGÉTICOS;124,5972408
2007;JAN;PARANÁ;SIX;DIESEL;0
2007;FEV;PARANÁ;SIX;DIESEL;0
2007;MAR;PARANÁ;SIX;DIESEL;0
2007;ABR;PARANÁ;SIX;DIESEL;0
2007;MAI;PARANÁ;SIX;DIESEL;0
2007;JUN;PARANÁ;SIX;DIESEL;0
2007;JUL;PARANÁ;SIX;DIESEL;0
2007;AGO;PARANÁ;SIX;DIESEL;0
2007;SET;PARANÁ;SIX;DIESEL;0
2007;OUT;PARANÁ;SIX;DIESEL;0
2007;NOV;PARANÁ;SIX;DIESEL;0
2007;DEZ;PARANÁ;SIX;DIESEL;0
2008;JAN;PARANÁ;SIX;GLP;1366,726297
2008;FEV;PARANÁ;SIX;GLP;2208,622579
2008;MAR;PARANÁ;SIX;GLP;2065,640645
2008;ABR;PARANÁ;SIX;GLP;1204,885162
2008;MAI;PARANÁ;SIX;GLP;274,6246796
2008;JUN;PARANÁ;SIX;GLP;0
2008;JUL;PARANÁ;SIX;GLP;778,9551961
2008;AGO;PARANÁ;SIX;GLP;2519,977699
2008;SET;PARANÁ;SIX;GLP;1553,38046
2008;OUT;PARANÁ;SIX;GLP;2072,263549
2008;NOV;PARANÁ;SIX;GLP;1962,717333
2008;DEZ;PARANÁ;SIX;GLP;2520,977745
2008;JAN;PARANÁ;SIX;NAFTA;3036
2008;FEV;PARANÁ;SIX;NAFTA;5050
2008;MAR;PARANÁ;SIX;NAFTA;4568
2008;ABR;PARANÁ;SIX;NAFTA;2601
2008;MAI;PARANÁ;SIX;NAFTA;917
2008;JUN;PARANÁ;SIX;NAFTA;1332
2008;JUL;PARANÁ;SIX;NAFTA;2456
2008;AGO;PARANÁ;SIX;NAFTA;3600
2008;SET;PARANÁ;SIX;NAFTA;3135
2008;OUT;PARANÁ;SIX;NAFTA;3676
2008;NOV;PARANÁ;SIX;NAFTA;3837
2008;DEZ;PARANÁ;SIX;NAFTA;3517
2008;JAN;PARANÁ;SIX;ÓLEO COMBUSTÍVEL;6401,478641
2008;FEV;PARANÁ;SIX;ÓLEO COMBUSTÍVEL;7769,133117
2008;MAR;PARANÁ;SIX;ÓLEO COMBUSTÍVEL;7511,433863
2008;ABR;PARANÁ;SIX;ÓLEO COMBUSTÍVEL;6822,884406
2008;MAI;PARANÁ;SIX;ÓLEO COMBUSTÍVEL;3377,108005
2008;JUN;PARANÁ;SIX;ÓLEO COMBUSTÍVEL;4398,238653
2008;JUL;PARANÁ;SIX;ÓLEO COMBUSTÍVEL;6992,796198
2008;AGO;PARANÁ;SIX;ÓLEO COMBUSTÍVEL;10682,04155
2008;SET;PARANÁ;SIX;ÓLEO COMBUSTÍVEL;24221,77501
2008;OUT;PARANÁ;SIX;ÓLEO COMBUSTÍVEL;26642,3055
2008;NOV;PARANÁ;SIX;ÓLEO COMBUSTÍVEL;23633,60618
2008;DEZ;PARANÁ;SIX;ÓLEO COMBUSTÍVEL;27238,29483
2008;JAN;PARANÁ;SIX;OUTROS NÃO ENERGÉTICOS;71,18909357
2008;FEV;PARANÁ;SIX;OUTROS NÃO ENERGÉTICOS;14
2008;MAR;PARANÁ;SIX;OUTROS NÃO ENERGÉTICOS;115,005891
2008;ABR;PARANÁ;SIX;OUTROS NÃO ENERGÉTICOS;55,77244841
2008;MAI;PARANÁ;SIX;OUTROS NÃO ENERGÉTICOS;10
2008;JUN;PARANÁ;SIX;OUTROS NÃO ENERGÉTICOS;0
2008;JUL;PARANÁ;SIX;OUTROS NÃO ENERGÉTICOS;495,1638397
2008;AGO;PARANÁ;SIX;OUTROS NÃO ENERGÉTICOS;438,4598264
2008;SET;PARANÁ;SIX;OUTROS NÃO ENERGÉTICOS;603,2752003
2008;OUT;PARANÁ;SIX;OUTROS NÃO ENERGÉTICOS;338,4998988
2008;NOV;PARANÁ;SIX;OUTROS NÃO ENERGÉTICOS;207,8156765
2008;DEZ;PARANÁ;SIX;OUTROS NÃO ENERGÉTICOS;0
2008;JAN;PARANÁ;SIX;DIESEL;0
2008;FEV;PARANÁ;SIX;DIESEL;0
2008;MAR;PARANÁ;SIX;DIESEL;0
2008;ABR;PARANÁ;SIX;DIESEL;0
2008;MAI;PARANÁ;SIX;DIESEL;0
2008;JUN;PARANÁ;SIX;DIESEL;0
2008;JUL;PARANÁ;SIX;DIESEL;0
2008;AGO;PARANÁ;SIX;DIESEL;0
2008;SET;PARANÁ;SIX;DIESEL;0
2008;OUT;PARANÁ;SIX;DIESEL;0
2008;NOV;PARANÁ;SIX;DIESEL;0
2008;DEZ;PARANÁ;SIX;DIESEL;0
2009;JAN;PARANÁ;SIX;GLP;2414,990859
2009;FEV;PARANÁ;SIX;GLP;1988,880918
2009;MAR;PARANÁ;SIX;GLP;1991,181658
2009;ABR;PARANÁ;SIX;GLP;2128,214038
2009;MAI;PARANÁ;SIX;GLP;2270,873959
2009;JUN;PARANÁ;SIX;GLP;2269,244801
2009;JUL;PARANÁ;SIX;GLP;2480,270575
2009;AGO;PARANÁ;SIX;GLP;2539,743344
2009;SET;PARANÁ;SIX;GLP;1296,590008
2009;OUT;PARANÁ;SIX;GLP;2031,593681
2009;NOV;PARANÁ;SIX;GLP;2325,317175
2009;DEZ;PARANÁ;SIX;GLP;3307
2009;JAN;PARANÁ;SIX;NAFTA;4566
2009;FEV;PARANÁ;SIX;NAFTA;3370
2009;MAR;PARANÁ;SIX;NAFTA;3896
2009;ABR;PARANÁ;SIX;NAFTA;3756
2009;MAI;PARANÁ;SIX;NAFTA;4009
2009;JUN;PARANÁ;SIX;NAFTA;3673
2009;JUL;PARANÁ;SIX;NAFTA;3362
2009;AGO;PARANÁ;SIX;NAFTA;3676
2009;SET;PARANÁ;SIX;NAFTA;1301
2009;OUT;PARANÁ;SIX;NAFTA;3100
2009;NOV;PARANÁ;SIX;NAFTA;3492
2009;DEZ;PARANÁ;SIX;NAFTA;2608,050454
2009;JAN;PARANÁ;SIX;ÓLEO COMBUSTÍVEL;24877,25527
2009;FEV;PARANÁ;SIX;ÓLEO COMBUSTÍVEL;21706,11103
2009;MAR;PARANÁ;SIX;ÓLEO COMBUSTÍVEL;25753,92202
2009;ABR;PARANÁ;SIX;ÓLEO COMBUSTÍVEL;23049,75837
2009;MAI;PARANÁ;SIX;ÓLEO COMBUSTÍVEL;24450,46414
2009;JUN;PARANÁ;SIX;ÓLEO COMBUSTÍVEL;23724,92729
2009;JUL;PARANÁ;SIX;ÓLEO COMBUSTÍVEL;24284,19949
2009;AGO;PARANÁ;SIX;ÓLEO COMBUSTÍVEL;21813,99794
2009;SET;PARANÁ;SIX;ÓLEO COMBUSTÍVEL;12016,08528
2009;OUT;PARANÁ;SIX;ÓLEO COMBUSTÍVEL;21407,69298
2009;NOV;PARANÁ;SIX;ÓLEO COMBUSTÍVEL;23925,99757
2009;DEZ;PARANÁ;SIX;ÓLEO COMBUSTÍVEL;23565,79082
2009;JAN;PARANÁ;SIX;OUTROS NÃO ENERGÉTICOS;68,33712984
2009;FEV;PARANÁ;SIX;OUTROS NÃO ENERGÉTICOS;35,62680917
2009;MAR;PARANÁ;SIX;OUTROS NÃO ENERGÉTICOS;40,6545961
2009;ABR;PARANÁ;SIX;OUTROS NÃO ENERGÉTICOS;220,3146641
2009;MAI;PARANÁ;SIX;OUTROS NÃO ENERGÉTICOS;111,8872315
2009;JUN;PARANÁ;SIX;OUTROS NÃO ENERGÉTICOS;366,1708841
2009;JUL;PARANÁ;SIX;OUTROS NÃO ENERGÉTICOS;119,8801199
2009;AGO;PARANÁ;SIX;OUTROS NÃO ENERGÉTICOS;90,56770488
2009;SET;PARANÁ;SIX;OUTROS NÃO ENERGÉTICOS;133,7063955
2009;OUT;PARANÁ;SIX;OUTROS NÃO ENERGÉTICOS;212,148258
2009;NOV;PARANÁ;SIX;OUTROS NÃO ENERGÉTICOS;0
2009;DEZ;PARANÁ;SIX;OUTROS NÃO ENERGÉTICOS;148,8614999
2009;JAN;PARANÁ;SIX;DIESEL;0
2009;FEV;PARANÁ;SIX;DIESEL;0
2009;MAR;PARANÁ;SIX;DIESEL;0
2009;ABR;PARANÁ;SIX;DIESEL;0
2009;MAI;PARANÁ;SIX;DIESEL;0
2009;JUN;PARANÁ;SIX;DIESEL;0
2009;JUL;PARANÁ;SIX;DIESEL;0
2009;AGO;PARANÁ;SIX;DIESEL;0
2009;SET;PARANÁ;SIX;DIESEL;0
2009;OUT;PARANÁ;SIX;DIESEL;0
2009;NOV;PARANÁ;SIX;DIESEL;0
2009;DEZ;PARANÁ;SIX;DIESEL;0
2010;JAN;PARANÁ;SIX;GLP;2223,67
2010;FEV;PARANÁ;SIX;GLP;2187,091
2010;MAR;PARANÁ;SIX;GLP;2308,125352
2010;ABR;PARANÁ;SIX;GLP;1986,481412
2010;MAI;PARANÁ;SIX;GLP;1896,942242
2010;JUN;PARANÁ;SIX;GLP;2254,995243
2010;JUL;PARANÁ;SIX;GLP;2366,697848
2010;AGO;PARANÁ;SIX;GLP;2265,366213
2010;SET;PARANÁ;SIX;GLP;2279,697026
2010;OUT;PARANÁ;SIX;GLP;2400,448682
2010;NOV;PARANÁ;SIX;GLP;2267,672008
2010;DEZ;PARANÁ;SIX;GLP;2323,798841
2010;JAN;PARANÁ;SIX;NAFTA;3727
2010;FEV;PARANÁ;SIX;NAFTA;3772
2010;MAR;PARANÁ;SIX;NAFTA;3540
2010;ABR;PARANÁ;SIX;NAFTA;5361
2010;MAI;PARANÁ;SIX;NAFTA;2888
2010;JUN;PARANÁ;SIX;NAFTA;3672
2010;JUL;PARANÁ;SIX;NAFTA;3474
2010;AGO;PARANÁ;SIX;NAFTA;3059
2010;SET;PARANÁ;SIX;NAFTA;3292
2010;OUT;PARANÁ;SIX;NAFTA;3302
2010;NOV;PARANÁ;SIX;NAFTA;2943
2010;DEZ;PARANÁ;SIX;NAFTA;3506
2010;JAN;PARANÁ;SIX;ÓLEO COMBUSTÍVEL;26637,19711
2010;FEV;PARANÁ;SIX;ÓLEO COMBUSTÍVEL;21892,26729
2010;MAR;PARANÁ;SIX;ÓLEO COMBUSTÍVEL;26441,10601
2010;ABR;PARANÁ;SIX;ÓLEO COMBUSTÍVEL;22409,64618
2010;MAI;PARANÁ;SIX;ÓLEO COMBUSTÍVEL;23658,27061
2010;JUN;PARANÁ;SIX;ÓLEO COMBUSTÍVEL;24115,2426
2010;JUL;PARANÁ;SIX;ÓLEO COMBUSTÍVEL;26738,95126
2010;AGO;PARANÁ;SIX;ÓLEO COMBUSTÍVEL;25099,91926
2010;SET;PARANÁ;SIX;ÓLEO COMBUSTÍVEL;20774,25748
2010;OUT;PARANÁ;SIX;ÓLEO COMBUSTÍVEL;20454,62764
2010;NOV;PARANÁ;SIX;ÓLEO COMBUSTÍVEL;20579,56028
2010;DEZ;PARANÁ;SIX;ÓLEO COMBUSTÍVEL;22978,32412
2010;JAN;PARANÁ;SIX;OUTROS NÃO ENERGÉTICOS;132,83
2010;FEV;PARANÁ;SIX;OUTROS NÃO ENERGÉTICOS;0
2010;MAR;PARANÁ;SIX;OUTROS NÃO ENERGÉTICOS;34,31481072
2010;ABR;PARANÁ;SIX;OUTROS NÃO ENERGÉTICOS;109,7671661
2010;MAI;PARANÁ;SIX;OUTROS NÃO ENERGÉTICOS;342,6742852
2010;JUN;PARANÁ;SIX;OUTROS NÃO ENERGÉTICOS;167,3113961
2010;JUL;PARANÁ;SIX;OUTROS NÃO ENERGÉTICOS;410,8593391
2010;AGO;PARANÁ;SIX;OUTROS NÃO ENERGÉTICOS;293,2390707
2010;SET;PARANÁ;SIX;OUTROS NÃO ENERGÉTICOS;571,2784495
2010;OUT;PARANÁ;SIX;OUTROS NÃO ENERGÉTICOS;544,6828935
2010;NOV;PARANÁ;SIX;OUTROS NÃO ENERGÉTICOS;227,3301597
2010;DEZ;PARANÁ;SIX;OUTROS NÃO ENERGÉTICOS;310,5860454
2010;JAN;PARANÁ;SIX;DIESEL;0
2010;FEV;PARANÁ;SIX;DIESEL;0
2010;MAR;PARANÁ;SIX;DIESEL;0
2010;ABR;PARANÁ;SIX;DIESEL;0
2010;MAI;PARANÁ;SIX;DIESEL;0
2010;JUN;PARANÁ;SIX;DIESEL;0
2010;JUL;PARANÁ;SIX;DIESEL;0
2010;AGO;PARANÁ;SIX;DIESEL;0
2010;SET;PARANÁ;SIX;DIESEL;0
2010;OUT;PARANÁ;SIX;DIESEL;0
2010;NOV;PARANÁ;SIX;DIESEL;0
2010;DEZ;PARANÁ;SIX;DIESEL;0
2011;JAN;PARANÁ;SIX;GLP;2105,943152
2011;FEV;PARANÁ;SIX;GLP;1421,159904
2011;MAR;PARANÁ;SIX;GLP;1670,697996
2011;ABR;PARANÁ;SIX;GLP;1906,438632
2011;MAI;PARANÁ;SIX;GLP;8,628127696
2011;JUN;PARANÁ;SIX;GLP;457
2011;JUL;PARANÁ;SIX;GLP;1707,623318
2011;AGO;PARANÁ;SIX;GLP;1748,289521
2011;SET;PARANÁ;SIX;GLP;1925,899409
2011;OUT;PARANÁ;SIX;GLP;1889,792231
2011;NOV;PARANÁ;SIX;GLP;1901,04
2011;DEZ;PARANÁ;SIX;GLP;2023,939064
2011;JAN;PARANÁ;SIX;NAFTA;4333
2011;FEV;PARANÁ;SIX;NAFTA;2345
2011;MAR;PARANÁ;SIX;NAFTA;2668
2011;ABR;PARANÁ;SIX;NAFTA;3339
2011;MAI;PARANÁ;SIX;NAFTA;198
2011;JUN;PARANÁ;SIX;NAFTA;2279
2011;JUL;PARANÁ;SIX;NAFTA;2833
2011;AGO;PARANÁ;SIX;NAFTA;2343
2011;SET;PARANÁ;SIX;NAFTA;2432
2011;OUT;PARANÁ;SIX;NAFTA;3788
2011;NOV;PARANÁ;SIX;NAFTA;3788
2011;DEZ;PARANÁ;SIX;NAFTA;2766
2011;JAN;PARANÁ;SIX;ÓLEO COMBUSTÍVEL;18858,48575
2011;FEV;PARANÁ;SIX;ÓLEO COMBUSTÍVEL;16132,8869
2011;MAR;PARANÁ;SIX;ÓLEO COMBUSTÍVEL;18417,69067
2011;ABR;PARANÁ;SIX;ÓLEO COMBUSTÍVEL;20509,45766
2011;MAI;PARANÁ;SIX;ÓLEO COMBUSTÍVEL;4691,31746
2011;JUN;PARANÁ;SIX;ÓLEO COMBUSTÍVEL;8522,189
2011;JUL;PARANÁ;SIX;ÓLEO COMBUSTÍVEL;22437,47871
2011;AGO;PARANÁ;SIX;ÓLEO COMBUSTÍVEL;17664,25775
2011;SET;PARANÁ;SIX;ÓLEO COMBUSTÍVEL;20167,67279
2011;OUT;PARANÁ;SIX;ÓLEO COMBUSTÍVEL;20120,58388
2011;NOV;PARANÁ;SIX;ÓLEO COMBUSTÍVEL;20908,23
2011;DEZ;PARANÁ;SIX;ÓLEO COMBUSTÍVEL;24583,6552
2011;JAN;PARANÁ;SIX;OUTROS NÃO ENERGÉTICOS;163,140722
2011;FEV;PARANÁ;SIX;OUTROS NÃO ENERGÉTICOS;169,9160173
2011;MAR;PARANÁ;SIX;OUTROS NÃO ENERGÉTICOS;229,8847983
2011;ABR;PARANÁ;SIX;OUTROS NÃO ENERGÉTICOS;173,9533707
2011;MAI;PARANÁ;SIX;OUTROS NÃO ENERGÉTICOS;27,4967004
2011;JUN;PARANÁ;SIX;OUTROS NÃO ENERGÉTICOS;186,979
2011;JUL;PARANÁ;SIX;OUTROS NÃO ENERGÉTICOS;492,4930956
2011;AGO;PARANÁ;SIX;OUTROS NÃO ENERGÉTICOS;572,3333486
2011;SET;PARANÁ;SIX;OUTROS NÃO ENERGÉTICOS;441,8356645
2011;OUT;PARANÁ;SIX;OUTROS NÃO ENERGÉTICOS;497,1973756
2011;NOV;PARANÁ;SIX;OUTROS NÃO ENERGÉTICOS;343,66
2011;DEZ;PARANÁ;SIX;OUTROS NÃO ENERGÉTICOS;119,0727081
2011;JAN;PARANÁ;SIX;DIESEL;0
2011;FEV;PARANÁ;SIX;DIESEL;0
2011;MAR;PARANÁ;SIX;DIESEL;0
2011;ABR;PARANÁ;SIX;DIESEL;0
2011;MAI;PARANÁ;SIX;DIESEL;0
2011;JUN;PARANÁ;SIX;DIESEL;0
2011;JUL;PARANÁ;SIX;DIESEL;0
2011;AGO;PARANÁ;SIX;DIESEL;0
2011;SET;PARANÁ;SIX;DIESEL;0
2011;OUT;PARANÁ;SIX;DIESEL;0
2011;NOV;PARANÁ;SIX;DIESEL;0
2011;DEZ;PARANÁ;SIX;DIESEL;0
2012;JAN;PARANÁ;SIX;GLP;2022,287176
2012;FEV;PARANÁ;SIX;GLP;1970,829535
2012;MAR;PARANÁ;SIX;GLP;1988,584055
2012;ABR;PARANÁ;SIX;GLP;2071,854058
2012;MAI;PARANÁ;SIX;GLP;2097,069597
2012;JUN;PARANÁ;SIX;GLP;1925,621312
2012;JUL;PARANÁ;SIX;GLP;2023,40234
2012;AGO;PARANÁ;SIX;GLP;2185,219832
2012;SET;PARANÁ;SIX;GLP;1658,856607
2012;OUT;PARANÁ;SIX;GLP;2146,287403
2012;NOV;PARANÁ;SIX;GLP;1980,945533
2012;DEZ;PARANÁ;SIX;GLP;2051,098803
2012;JAN;PARANÁ;SIX;NAFTA;2950
2012;FEV;PARANÁ;SIX;NAFTA;2701
2012;MAR;PARANÁ;SIX;NAFTA;2674
2012;ABR;PARANÁ;SIX;NAFTA;2704
2012;MAI;PARANÁ;SIX;NAFTA;2738
2012;JUN;PARANÁ;SIX;NAFTA;2698
2012;JUL;PARANÁ;SIX;NAFTA;2821
2012;AGO;PARANÁ;SIX;NAFTA;2113
2012;SET;PARANÁ;SIX;NAFTA;2515
2012;OUT;PARANÁ;SIX;NAFTA;2824
2012;NOV;PARANÁ;SIX;NAFTA;2145
2012;DEZ;PARANÁ;SIX;NAFTA;2806
2012;JAN;PARANÁ;SIX;ÓLEO COMBUSTÍVEL;20630,08187
2012;FEV;PARANÁ;SIX;ÓLEO COMBUSTÍVEL;19726,14417
2012;MAR;PARANÁ;SIX;ÓLEO COMBUSTÍVEL;20479,7039
2012;ABR;PARANÁ;SIX;ÓLEO COMBUSTÍVEL;18891,95989
2012;MAI;PARANÁ;SIX;ÓLEO COMBUSTÍVEL;21359,75782
2012;JUN;PARANÁ;SIX;ÓLEO COMBUSTÍVEL;22830,41047
2012;JUL;PARANÁ;SIX;ÓLEO COMBUSTÍVEL;19868,77356
2012;AGO;PARANÁ;SIX;ÓLEO COMBUSTÍVEL;20731,25247
2012;SET;PARANÁ;SIX;ÓLEO COMBUSTÍVEL;16616,43938
2012;OUT;PARANÁ;SIX;ÓLEO COMBUSTÍVEL;20598,09265
2012;NOV;PARANÁ;SIX;ÓLEO COMBUSTÍVEL;19560,36735
2012;DEZ;PARANÁ;SIX;ÓLEO COMBUSTÍVEL;23460,98186
2012;JAN;PARANÁ;SIX;OUTROS NÃO ENERGÉTICOS;198,8727002
2012;FEV;PARANÁ;SIX;OUTROS NÃO ENERGÉTICOS;204,5844045
2012;MAR;PARANÁ;SIX;OUTROS NÃO ENERGÉTICOS;360,1833661
2012;ABR;PARANÁ;SIX;OUTROS NÃO ENERGÉTICOS;83,03288539
2012;MAI;PARANÁ;SIX;OUTROS NÃO ENERGÉTICOS;234,5851716
2012;JUN;PARANÁ;SIX;OUTROS NÃO ENERGÉTICOS;94,55248738
2012;JUL;PARANÁ;SIX;OUTROS NÃO ENERGÉTICOS;201,1555746
2012;AGO;PARANÁ;SIX;OUTROS NÃO ENERGÉTICOS;212,559344
2012;SET;PARANÁ;SIX;OUTROS NÃO ENERGÉTICOS;350,704687
2012;OUT;PARANÁ;SIX;OUTROS NÃO ENERGÉTICOS;220,4452129
2012;NOV;PARANÁ;SIX;OUTROS NÃO ENERGÉTICOS;190,392822
2012;DEZ;PARANÁ;SIX;OUTROS NÃO ENERGÉTICOS;235,8732438
2012;JAN;PARANÁ;SIX;DIESEL;0
2012;FEV;PARANÁ;SIX;DIESEL;0
2012;MAR;PARANÁ;SIX;DIESEL;0
2012;ABR;PARANÁ;SIX;DIESEL;0
2012;MAI;PARANÁ;SIX;DIESEL;0
2012;JUN;PARANÁ;SIX;DIESEL;0
2012;JUL;PARANÁ;SIX;DIESEL;0
2012;AGO;PARANÁ;SIX;DIESEL;0
2012;SET;PARANÁ;SIX;DIESEL;0
2012;OUT;PARANÁ;SIX;DIESEL;0
2012;NOV;PARANÁ;SIX;DIESEL;0
2012;DEZ;PARANÁ;SIX;DIESEL;0
2013;JAN;PARANÁ;SIX;GLP;1637,080868
2013;FEV;PARANÁ;SIX;GLP;1428,31183
2013;MAR;PARANÁ;SIX;GLP;2241,189427
2013;ABR;PARANÁ;SIX;GLP;2244,897959
2013;MAI;PARANÁ;SIX;GLP;216,466235
2013;JUN;PARANÁ;SIX;GLP;1036,326756
2013;JUL;PARANÁ;SIX;GLP;2266,346509
2013;AGO;PARANÁ;SIX;GLP;2184,935254
2013;SET;PARANÁ;SIX;GLP;2060,301508
2013;OUT;PARANÁ;SIX;GLP;2236,180905
2013;NOV;PARANÁ;SIX;GLP;2038,330647
2013;DEZ;PARANÁ;SIX;GLP;1972,77677
2013;JAN;PARANÁ;SIX;NAFTA;2198
2013;FEV;PARANÁ;SIX;NAFTA;1927
2013;MAR;PARANÁ;SIX;NAFTA;2330
2013;ABR;PARANÁ;SIX;NAFTA;2182
2013;MAI;PARANÁ;SIX;NAFTA;658
2013;JUN;PARANÁ;SIX;NAFTA;1065
2013;JUL;PARANÁ;SIX;NAFTA;2293
2013;AGO;PARANÁ;SIX;NAFTA;2292
2013;SET;PARANÁ;SIX;NAFTA;2306
2013;OUT;PARANÁ;SIX;NAFTA;2472
2013;NOV;PARANÁ;SIX;NAFTA;1946
2013;DEZ;PARANÁ;SIX;NAFTA;2332
2013;JAN;PARANÁ;SIX;ÓLEO COMBUSTÍVEL;15962,94056
2013;FEV;PARANÁ;SIX;ÓLEO COMBUSTÍVEL;17949,53505
2013;MAR;PARANÁ;SIX;ÓLEO COMBUSTÍVEL;20965,92568
2013;ABR;PARANÁ;SIX;ÓLEO COMBUSTÍVEL;22369,43023
2013;MAI;PARANÁ;SIX;ÓLEO COMBUSTÍVEL;3116,712227
2013;JUN;PARANÁ;SIX;ÓLEO COMBUSTÍVEL;11469,49599
2013;JUL;PARANÁ;SIX;ÓLEO COMBUSTÍVEL;21000,47556
2013;AGO;PARANÁ;SIX;ÓLEO COMBUSTÍVEL;20834,69301
2013;SET;PARANÁ;SIX;ÓLEO COMBUSTÍVEL;20319,1585
2013;OUT;PARANÁ;SIX;ÓLEO COMBUSTÍVEL;21875,24771
2013;NOV;PARANÁ;SIX;ÓLEO COMBUSTÍVEL;19336,76874
2013;DEZ;PARANÁ;SIX;ÓLEO COMBUSTÍVEL;21488,70905
2013;JAN;PARANÁ;SIX;OUTROS NÃO ENERGÉTICOS;73,49853003
2013;FEV;PARANÁ;SIX;OUTROS NÃO ENERGÉTICOS;117,2638436
2013;MAR;PARANÁ;SIX;OUTROS NÃO ENERGÉTICOS;89,22880816
2013;ABR;PARANÁ;SIX;OUTROS NÃO ENERGÉTICOS;0
2013;MAI;PARANÁ;SIX;OUTROS NÃO ENERGÉTICOS;0
2013;JUN;PARANÁ;SIX;OUTROS NÃO ENERGÉTICOS;240,8295239
2013;JUL;PARANÁ;SIX;OUTROS NÃO ENERGÉTICOS;273,8525578
2013;AGO;PARANÁ;SIX;OUTROS NÃO ENERGÉTICOS;344,9483356
2013;SET;PARANÁ;SIX;OUTROS NÃO ENERGÉTICOS;404,9877438
2013;OUT;PARANÁ;SIX;OUTROS NÃO ENERGÉTICOS;272,5922783
2013;NOV;PARANÁ;SIX;OUTROS NÃO ENERGÉTICOS;247,1766461
2013;DEZ;PARANÁ;SIX;OUTROS NÃO ENERGÉTICOS;309,919571
2013;JAN;PARANÁ;SIX;DIESEL;0
2013;FEV;PARANÁ;SIX;DIESEL;0
2013;MAR;PARANÁ;SIX;DIESEL;0
2013;ABR;PARANÁ;SIX;DIESEL;0
2013;MAI;PARANÁ;SIX;DIESEL;0
2013;JUN;PARANÁ;SIX;DIESEL;0
2013;JUL;PARANÁ;SIX;DIESEL;0
2013;AGO;PARANÁ;SIX;DIESEL;0
2013;SET;PARANÁ;SIX;DIESEL;0
2013;OUT;PARANÁ;SIX;DIESEL;0
2013;NOV;PARANÁ;SIX;DIESEL;0
2013;DEZ;PARANÁ;SIX;DIESEL;0
2014;JAN;PARANÁ;SIX;GLP;2078,373924
2014;FEV;PARANÁ;SIX;GLP;2080,278592
2014;MAR;PARANÁ;SIX;GLP;2193,335774
2014;ABR;PARANÁ;SIX;GLP;2278,27051
2014;MAI;PARANÁ;SIX;GLP;2318,07952
2014;JUN;PARANÁ;SIX;GLP;2165,165741
2014;JUL;PARANÁ;SIX;GLP;1945,306439
2014;AGO;PARANÁ;SIX;GLP;2168,997892
2014;SET;PARANÁ;SIX;GLP;2292,701567
2014;OUT;PARANÁ;SIX;GLP;1948,924731
2014;NOV;PARANÁ;SIX;GLP;1894,816784
2014;DEZ;PARANÁ;SIX;GLP;2054,638589
2014;JAN;PARANÁ;SIX;NAFTA;2556
2014;FEV;PARANÁ;SIX;NAFTA;2398
2014;MAR;PARANÁ;SIX;NAFTA;2104
2014;ABR;PARANÁ;SIX;NAFTA;2336
2014;MAI;PARANÁ;SIX;NAFTA;3161
2014;JUN;PARANÁ;SIX;NAFTA;2476
2014;JUL;PARANÁ;SIX;NAFTA;1719
2014;AGO;PARANÁ;SIX;NAFTA;2316
2014;SET;PARANÁ;SIX;NAFTA;2306
2014;OUT;PARANÁ;SIX;NAFTA;2563
2014;NOV;PARANÁ;SIX;NAFTA;2124
2014;DEZ;PARANÁ;SIX;NAFTA;2453
2014;JAN;PARANÁ;SIX;ÓLEO COMBUSTÍVEL;21948,76814
2014;FEV;PARANÁ;SIX;ÓLEO COMBUSTÍVEL;20819,95582
2014;MAR;PARANÁ;SIX;ÓLEO COMBUSTÍVEL;19781,32787
2014;ABR;PARANÁ;SIX;ÓLEO COMBUSTÍVEL;19482,62959
2014;MAI;PARANÁ;SIX;ÓLEO COMBUSTÍVEL;18981,95418
2014;JUN;PARANÁ;SIX;ÓLEO COMBUSTÍVEL;20327,26961
2014;JUL;PARANÁ;SIX;ÓLEO COMBUSTÍVEL;17927,699
2014;AGO;PARANÁ;SIX;ÓLEO COMBUSTÍVEL;21001,80041
2014;SET;PARANÁ;SIX;ÓLEO COMBUSTÍVEL;19930,25423
2014;OUT;PARANÁ;SIX;ÓLEO COMBUSTÍVEL;16849,64321
2014;NOV;PARANÁ;SIX;ÓLEO COMBUSTÍVEL;19335,01058
2014;DEZ;PARANÁ;SIX;ÓLEO COMBUSTÍVEL;21574,37927
2014;JAN;PARANÁ;SIX;OUTROS NÃO ENERGÉTICOS;0
2014;FEV;PARANÁ;SIX;OUTROS NÃO ENERGÉTICOS;185,8616244
2014;MAR;PARANÁ;SIX;OUTROS NÃO ENERGÉTICOS;101,3549557
2014;ABR;PARANÁ;SIX;OUTROS NÃO ENERGÉTICOS;204,5381911
2014;MAI;PARANÁ;SIX;OUTROS NÃO ENERGÉTICOS;342,9910524
2014;JUN;PARANÁ;SIX;OUTROS NÃO ENERGÉTICOS;212,6295544
2014;JUL;PARANÁ;SIX;OUTROS NÃO ENERGÉTICOS;166,917941
2014;AGO;PARANÁ;SIX;OUTROS NÃO ENERGÉTICOS;158,4243203
2014;SET;PARANÁ;SIX;OUTROS NÃO ENERGÉTICOS;388,1424611
2014;OUT;PARANÁ;SIX;OUTROS NÃO ENERGÉTICOS;170,8306641
2014;NOV;PARANÁ;SIX;OUTROS NÃO ENERGÉTICOS;0
2014;DEZ;PARANÁ;SIX;OUTROS NÃO ENERGÉTICOS;0
2014;JAN;PARANÁ;SIX;DIESEL;0
2014;FEV;PARANÁ;SIX;DIESEL;0
2014;MAR;PARANÁ;SIX;DIESEL;0
2014;ABR;PARANÁ;SIX;DIESEL;0
2014;MAI;PARANÁ;SIX;DIESEL;0
2014;JUN;PARANÁ;SIX;DIESEL;0
2014;JUL;PARANÁ;SIX;DIESEL;0
2014;AGO;PARANÁ;SIX;DIESEL;0
2014;SET;PARANÁ;SIX;DIESEL;0
2014;OUT;PARANÁ;SIX;DIESEL;0
2014;NOV;PARANÁ;SIX;DIESEL;0
2014;DEZ;PARANÁ;SIX;DIESEL;0
2015;JAN;PARANÁ;SIX;GLP;2261,882039
2015;FEV;PARANÁ;SIX;GLP;2072,106262
2015;MAR;PARANÁ;SIX;GLP;2186,905215
2015;ABR;PARANÁ;SIX;GLP;2104,150653
2015;MAI;PARANÁ;SIX;GLP;2307,838661
2015;JUN;PARANÁ;SIX;GLP;1752,988048
2015;JUL;PARANÁ;SIX;GLP;2055,914797
2015;AGO;PARANÁ;SIX;GLP;2097,020626
2015;SET;PARANÁ;SIX;GLP;1345,897582
2015;OUT;PARANÁ;SIX;GLP;2069,291935
2015;NOV;PARANÁ;SIX;GLP;1981,845688
2015;DEZ;PARANÁ;SIX;GLP;1928,302
2015;JAN;PARANÁ;SIX;NAFTA;2564
2015;FEV;PARANÁ;SIX;NAFTA;1761
2015;MAR;PARANÁ;SIX;NAFTA;3014
2015;ABR;PARANÁ;SIX;NAFTA;2308
2015;MAI;PARANÁ;SIX;NAFTA;1965
2015;JUN;PARANÁ;SIX;NAFTA;2470
2015;JUL;PARANÁ;SIX;NAFTA;2383
2015;AGO;PARANÁ;SIX;NAFTA;2250
2015;SET;PARANÁ;SIX;NAFTA;1780
2015;OUT;PARANÁ;SIX;NAFTA;2659
2015;NOV;PARANÁ;SIX;NAFTA;0
2015;DEZ;PARANÁ;SIX;NAFTA;2670
2015;JAN;PARANÁ;SIX;ÓLEO COMBUSTÍVEL;19181,63066
2015;FEV;PARANÁ;SIX;ÓLEO COMBUSTÍVEL;18099,15376
2015;MAR;PARANÁ;SIX;ÓLEO COMBUSTÍVEL;19799,2951
2015;ABR;PARANÁ;SIX;ÓLEO COMBUSTÍVEL;18867,72599
2015;MAI;PARANÁ;SIX;ÓLEO COMBUSTÍVEL;20057,57965
2015;JUN;PARANÁ;SIX;ÓLEO COMBUSTÍVEL;17125,451
2015;JUL;PARANÁ;SIX;ÓLEO COMBUSTÍVEL;17571,79317
2015;AGO;PARANÁ;SIX;ÓLEO COMBUSTÍVEL;18182,27911
2015;SET;PARANÁ;SIX;ÓLEO COMBUSTÍVEL;12909,98122
2015;OUT;PARANÁ;SIX;ÓLEO COMBUSTÍVEL;19324,39845
2015;NOV;PARANÁ;SIX;ÓLEO COMBUSTÍVEL;20244,19312
2015;DEZ;PARANÁ;SIX;ÓLEO COMBUSTÍVEL;18549,08333
2015;JAN;PARANÁ;SIX;OUTROS NÃO ENERGÉTICOS;74,5301361
2015;FEV;PARANÁ;SIX;OUTROS NÃO ENERGÉTICOS;61,57502431
2015;MAR;PARANÁ;SIX;OUTROS NÃO ENERGÉTICOS;159,3272848
2015;ABR;PARANÁ;SIX;OUTROS NÃO ENERGÉTICOS;0
2015;MAI;PARANÁ;SIX;OUTROS NÃO ENERGÉTICOS;0
2015;JUN;PARANÁ;SIX;OUTROS NÃO ENERGÉTICOS;0,080240722
2015;JUL;PARANÁ;SIX;OUTROS NÃO ENERGÉTICOS;0
2015;AGO;PARANÁ;SIX;OUTROS NÃO ENERGÉTICOS;0
2015;SET;PARANÁ;SIX;OUTROS NÃO ENERGÉTICOS;0
2015;OUT;PARANÁ;SIX;OUTROS NÃO ENERGÉTICOS;0
2015;NOV;PARANÁ;SIX;OUTROS NÃO ENERGÉTICOS;0
2015;DEZ;PARANÁ;SIX;OUTROS NÃO ENERGÉTICOS;0
2015;JAN;PARANÁ;SIX;DIESEL;0
2015;FEV;PARANÁ;SIX;DIESEL;0
2015;MAR;PARANÁ;SIX;DIESEL;0
2015;ABR;PARANÁ;SIX;DIESEL;0
2015;MAI;PARANÁ;SIX;DIESEL;0
2015;JUN;PARANÁ;SIX;DIESEL;0
2015;JUL;PARANÁ;SIX;DIESEL;0
2015;AGO;PARANÁ;SIX;DIESEL;0
2015;SET;PARANÁ;SIX;DIESEL;0
2015;OUT;PARANÁ;SIX;DIESEL;0
2015;NOV;PARANÁ;SIX;DIESEL;0
2015;DEZ;PARANÁ;SIX;DIESEL;0
2016;JAN;PARANÁ;SIX;GLP;1731,455399
2016;FEV;PARANÁ;SIX;GLP;748,1959742
2016;MAR;PARANÁ;SIX;GLP;1107,778819
2016;ABR;PARANÁ;SIX;GLP;1885,883661
2016;MAI;PARANÁ;SIX;GLP;1964,984168
2016;JUN;PARANÁ;SIX;GLP;1676,557864
2016;JUL;PARANÁ;SIX;GLP;393,8609467
2016;AGO;PARANÁ;SIX;GLP;2410,598481
2016;SET;PARANÁ;SIX;GLP;2268,399854
2016;OUT;PARANÁ;SIX;GLP;2162,162162
2016;NOV;PARANÁ;SIX;GLP;2194,34063
2016;DEZ;PARANÁ;SIX;GLP;2118,719828
2016;JAN;PARANÁ;SIX;NAFTA;2549
2016;FEV;PARANÁ;SIX;NAFTA;1361
2016;MAR;PARANÁ;SIX;NAFTA;923
2016;ABR;PARANÁ;SIX;NAFTA;2446
2016;MAI;PARANÁ;SIX;NAFTA;2349
2016;JUN;PARANÁ;SIX;NAFTA;2178
2016;JUL;PARANÁ;SIX;NAFTA;2911
2016;AGO;PARANÁ;SIX;NAFTA;3350
2016;SET;PARANÁ;SIX;NAFTA;3027
2016;OUT;PARANÁ;SIX;NAFTA;2943
2016;NOV;PARANÁ;SIX;NAFTA;2823
2016;DEZ;PARANÁ;SIX;NAFTA;2953
2016;JAN;PARANÁ;SIX;ÓLEO COMBUSTÍVEL;16453,65001
2016;FEV;PARANÁ;SIX;ÓLEO COMBUSTÍVEL;8578,314674
2016;MAR;PARANÁ;SIX;ÓLEO COMBUSTÍVEL;11510,42048
2016;ABR;PARANÁ;SIX;ÓLEO COMBUSTÍVEL;18148,99286
2016;MAI;PARANÁ;SIX;ÓLEO COMBUSTÍVEL;21662,8584
2016;JUN;PARANÁ;SIX;ÓLEO COMBUSTÍVEL;19430,9369
2016;JUL;PARANÁ;SIX;ÓLEO COMBUSTÍVEL;19594,29731
2016;AGO;PARANÁ;SIX;ÓLEO COMBUSTÍVEL;21479,18128
2016;SET;PARANÁ;SIX;ÓLEO COMBUSTÍVEL;20093,07828
2016;OUT;PARANÁ;SIX;ÓLEO COMBUSTÍVEL;20806,95701
2016;NOV;PARANÁ;SIX;ÓLEO COMBUSTÍVEL;19020,16966
2016;DEZ;PARANÁ;SIX;ÓLEO COMBUSTÍVEL;21175,90184
2016;JAN;PARANÁ;SIX;OUTROS NÃO ENERGÉTICOS;0
2016;FEV;PARANÁ;SIX;OUTROS NÃO ENERGÉTICOS;0
2016;MAR;PARANÁ;SIX;OUTROS NÃO ENERGÉTICOS;0
2016;ABR;PARANÁ;SIX;OUTROS NÃO ENERGÉTICOS;0
2016;MAI;PARANÁ;SIX;OUTROS NÃO ENERGÉTICOS;0
2016;JUN;PARANÁ;SIX;OUTROS NÃO ENERGÉTICOS;0
2016;JUL;PARANÁ;SIX;OUTROS NÃO ENERGÉTICOS;0
2016;AGO;PARANÁ;SIX;OUTROS NÃO ENERGÉTICOS;0
2016;SET;PARANÁ;SIX;OUTROS NÃO ENERGÉTICOS;0
2016;OUT;PARANÁ;SIX;OUTROS NÃO ENERGÉTICOS;0
2016;NOV;PARANÁ;SIX;OUTROS NÃO ENERGÉTICOS;0
2016;DEZ;PARANÁ;SIX;OUTROS NÃO ENERGÉTICOS;0
2016;JAN;PARANÁ;SIX;DIESEL;0
2016;FEV;PARANÁ;SIX;DIESEL;0
2016;MAR;PARANÁ;SIX;DIESEL;0
2016;ABR;PARANÁ;SIX;DIESEL;0
2016;MAI;PARANÁ;SIX;DIESEL;0
2016;JUN;PARANÁ;SIX;DIESEL;0
2016;JUL;PARANÁ;SIX;DIESEL;0
2016;AGO;PARANÁ;SIX;DIESEL;0
2016;SET;PARANÁ;SIX;DIESEL;0
2016;OUT;PARANÁ;SIX;DIESEL;0
2016;NOV;PARANÁ;SIX;DIESEL;0
2016;DEZ;PARANÁ;SIX;DIESEL;0
2017;JAN;PARANÁ;SIX;GLP;2150,061936
2017;FEV;PARANÁ;SIX;GLP;993,8434477
2017;MAR;PARANÁ;SIX;GLP;425,4946594
2017;ABR;PARANÁ;SIX;GLP;1,781578479
2017;MAI;PARANÁ;SIX;GLP;0
2017;JUN;PARANÁ;SIX;GLP;858,4558824
2017;JUL;PARANÁ;SIX;GLP;2229,742089
2017;AGO;PARANÁ;SIX;GLP;2050,999817
2017;SET;PARANÁ;SIX;GLP;1987,520646
2017;OUT;PARANÁ;SIX;GLP;2127,425851
2017;NOV;PARANÁ;SIX;GLP;2265,525405
2017;DEZ;PARANÁ;SIX;GLP;2072,614486
2017;JAN;PARANÁ;SIX;NAFTA;2944
2017;FEV;PARANÁ;SIX;NAFTA;3251
2017;MAR;PARANÁ;SIX;NAFTA;3410
2017;ABR;PARANÁ;SIX;NAFTA;2952
2017;MAI;PARANÁ;SIX;NAFTA;107
2017;JUN;PARANÁ;SIX;NAFTA;1355
2017;JUL;PARANÁ;SIX;NAFTA;3050
2017;AGO;PARANÁ;SIX;NAFTA;2991
2017;SET;PARANÁ;SIX;NAFTA;2831
2017;OUT;PARANÁ;SIX;NAFTA;2583
2017;NOV;PARANÁ;SIX;NAFTA;3050
2017;DEZ;PARANÁ;SIX;NAFTA;3593
2017;JAN;PARANÁ;SIX;ÓLEO COMBUSTÍVEL;19160,10076
2017;FEV;PARANÁ;SIX;ÓLEO COMBUSTÍVEL;17013,62299
2017;MAR;PARANÁ;SIX;ÓLEO COMBUSTÍVEL;20882,14037
2017;ABR;PARANÁ;SIX;ÓLEO COMBUSTÍVEL;39352,75651
2017;MAI;PARANÁ;SIX;ÓLEO COMBUSTÍVEL;0
2017;JUN;PARANÁ;SIX;ÓLEO COMBUSTÍVEL;16974,98309
2017;JUL;PARANÁ;SIX;ÓLEO COMBUSTÍVEL;36373,01695
2017;AGO;PARANÁ;SIX;ÓLEO COMBUSTÍVEL;38924,82461
2017;SET;PARANÁ;SIX;ÓLEO COMBUSTÍVEL;38665,42919
2017;OUT;PARANÁ;SIX;ÓLEO COMBUSTÍVEL;37858,45087
2017;NOV;PARANÁ;SIX;ÓLEO COMBUSTÍVEL;41106,45824
2017;DEZ;PARANÁ;SIX;ÓLEO COMBUSTÍVEL;39710,3436
2017;JAN;PARANÁ;SIX;OUTROS NÃO ENERGÉTICOS;0
2017;FEV;PARANÁ;SIX;OUTROS NÃO ENERGÉTICOS;0
2017;MAR;PARANÁ;SIX;OUTROS NÃO ENERGÉTICOS;0
2017;ABR;PARANÁ;SIX;OUTROS NÃO ENERGÉTICOS;0
2017;MAI;PARANÁ;SIX;OUTROS NÃO ENERGÉTICOS;0
2017;JUN;PARANÁ;SIX;OUTROS NÃO ENERGÉTICOS;0
2017;JUL;PARANÁ;SIX;OUTROS NÃO ENERGÉTICOS;0
2017;AGO;PARANÁ;SIX;OUTROS NÃO ENERGÉTICOS;0
2017;SET;PARANÁ;SIX;OUTROS NÃO ENERGÉTICOS;0
2017;OUT;PARANÁ;SIX;OUTROS NÃO ENERGÉTICOS;0
2017;NOV;PARANÁ;SIX;OUTROS NÃO ENERGÉTICOS;0
2017;DEZ;PARANÁ;SIX;OUTROS NÃO ENERGÉTICOS;0
2017;JAN;PARANÁ;SIX;DIESEL;0
2017;FEV;PARANÁ;SIX;DIESEL;0
2017;MAR;PARANÁ;SIX;DIESEL;0
2017;ABR;PARANÁ;SIX;DIESEL;0
2017;MAI;PARANÁ;SIX;DIESEL;0
2017;JUN;PARANÁ;SIX;DIESEL;0
2017;JUL;PARANÁ;SIX;DIESEL;0
2017;AGO;PARANÁ;SIX;DIESEL;0
2017;SET;PARANÁ;SIX;DIESEL;0
2017;OUT;PARANÁ;SIX;DIESEL;0
2017;NOV;PARANÁ;SIX;DIESEL;0
2017;DEZ;PARANÁ;SIX;DIESEL;0
2018;JAN;PARANÁ;SIX;GLP;1939,14956
2018;FEV;PARANÁ;SIX;GLP;1954,361428
2018;MAR;PARANÁ;SIX;GLP;1629,493088
2018;ABR;PARANÁ;SIX;GLP;1266,776981
2018;MAI;PARANÁ;SIX;GLP;0
2018;JUN;PARANÁ;SIX;GLP;0
2018;JUL;PARANÁ;SIX;GLP;0
2018;AGO;PARANÁ;SIX;GLP;0
2018;SET;PARANÁ;SIX;GLP;0
2018;OUT;PARANÁ;SIX;GLP;249,3629414
2018;NOV;PARANÁ;SIX;GLP;514,840601
2018;DEZ;PARANÁ;SIX;GLP;238,9266679
2018;JAN;PARANÁ;SIX;NAFTA;3797
2018;FEV;PARANÁ;SIX;NAFTA;3500
2018;MAR;PARANÁ;SIX;NAFTA;4273
2018;ABR;PARANÁ;SIX;NAFTA;3440
2018;MAI;PARANÁ;SIX;NAFTA;3391
2018;JUN;PARANÁ;SIX;NAFTA;3230
2018;JUL;PARANÁ;SIX;NAFTA;3059
2018;AGO;PARANÁ;SIX;NAFTA;2841
2018;SET;PARANÁ;SIX;NAFTA;2716
2018;OUT;PARANÁ;SIX;NAFTA;2685
2018;NOV;PARANÁ;SIX;NAFTA;2603
2018;DEZ;PARANÁ;SIX;NAFTA;2331
2018;JAN;PARANÁ;SIX;ÓLEO COMBUSTÍVEL;42084,79529
2018;FEV;PARANÁ;SIX;ÓLEO COMBUSTÍVEL;38244,96874
2018;MAR;PARANÁ;SIX;ÓLEO COMBUSTÍVEL;35298,54297
2018;ABR;PARANÁ;SIX;ÓLEO COMBUSTÍVEL;35788,38421
2018;MAI;PARANÁ;SIX;ÓLEO COMBUSTÍVEL;32880,71041
2018;JUN;PARANÁ;SIX;ÓLEO COMBUSTÍVEL;34518,85269
2018;JUL;PARANÁ;SIX;ÓLEO COMBUSTÍVEL;32215,77907
2018;AGO;PARANÁ;SIX;ÓLEO COMBUSTÍVEL;13607,48013
2018;SET;PARANÁ;SIX;ÓLEO COMBUSTÍVEL;13363,47842
2018;OUT;PARANÁ;SIX;ÓLEO COMBUSTÍVEL;14346
2018;NOV;PARANÁ;SIX;ÓLEO COMBUSTÍVEL;14163,80038
2018;DEZ;PARANÁ;SIX;ÓLEO COMBUSTÍVEL;13602,49237
2018;JAN;PARANÁ;SIX;OUTROS NÃO ENERGÉTICOS;0
2018;FEV;PARANÁ;SIX;OUTROS NÃO ENERGÉTICOS;0
2018;MAR;PARANÁ;SIX;OUTROS NÃO ENERGÉTICOS;0
2018;ABR;PARANÁ;SIX;OUTROS NÃO ENERGÉTICOS;0
2018;MAI;PARANÁ;SIX;OUTROS NÃO ENERGÉTICOS;0
2018;JUN;PARANÁ;SIX;OUTROS NÃO ENERGÉTICOS;0
2018;JUL;PARANÁ;SIX;OUTROS NÃO ENERGÉTICOS;0
2018;AGO;PARANÁ;SIX;OUTROS NÃO ENERGÉTICOS;0
2018;SET;PARANÁ;SIX;OUTROS NÃO ENERGÉTICOS;0
2018;OUT;PARANÁ;SIX;OUTROS NÃO ENERGÉTICOS;0
2018;NOV;PARANÁ;SIX;OUTROS NÃO ENERGÉTICOS;0
2018;DEZ;PARANÁ;SIX;OUTROS NÃO ENERGÉTICOS;0
2018;JAN;PARANÁ;SIX;DIESEL;0
2018;FEV;PARANÁ;SIX;DIESEL;0
2018;MAR;PARANÁ;SIX;DIESEL;0
2018;ABR;PARANÁ;SIX;DIESEL;0
2018;MAI;PARANÁ;SIX;DIESEL;0
2018;JUN;PARANÁ;SIX;DIESEL;0
2018;JUL;PARANÁ;SIX;DIESEL;0
2018;AGO;PARANÁ;SIX;DIESEL;0
2018;SET;PARANÁ;SIX;DIESEL;0
2018;OUT;PARANÁ;SIX;DIESEL;0
2018;NOV;PARANÁ;SIX;DIESEL;0
2018;DEZ;PARANÁ;SIX;DIESEL;0
2019;JAN;PARANÁ;SIX;GLP;0
2019;FEV;PARANÁ;SIX;GLP;0
2019;MAR;PARANÁ;SIX;GLP;160,2800295
2019;ABR;PARANÁ;SIX;GLP;25,77319588
2019;MAI;PARANÁ;SIX;GLP;172,5403818
2019;JUN;PARANÁ;SIX;GLP;0
2019;JUL;PARANÁ;SIX;GLP;0
2019;AGO;PARANÁ;SIX;GLP;0
2019;SET;PARANÁ;SIX;GLP;0
2019;OUT;PARANÁ;SIX;GLP;0
2019;NOV;PARANÁ;SIX;GLP;186,6764275
2019;DEZ;PARANÁ;SIX;GLP;0
2019;JAN;PARANÁ;SIX;NAFTA;2842
2019;FEV;PARANÁ;SIX;NAFTA;3044
2019;MAR;PARANÁ;SIX;NAFTA;2602
2019;ABR;PARANÁ;SIX;NAFTA;2018
2019;MAI;PARANÁ;SIX;NAFTA;2395
2019;JUN;PARANÁ;SIX;NAFTA;0
2019;JUL;PARANÁ;SIX;NAFTA;1460
2019;AGO;PARANÁ;SIX;NAFTA;3723
2019;SET;PARANÁ;SIX;NAFTA;3436
2019;OUT;PARANÁ;SIX;NAFTA;3042
2019;NOV;PARANÁ;SIX;NAFTA;3868
2019;DEZ;PARANÁ;SIX;NAFTA;3277
2019;JAN;PARANÁ;SIX;ÓLEO COMBUSTÍVEL;15042,90252
2019;FEV;PARANÁ;SIX;ÓLEO COMBUSTÍVEL;14105,82342
2019;MAR;PARANÁ;SIX;ÓLEO COMBUSTÍVEL;12351,08515
2019;ABR;PARANÁ;SIX;ÓLEO COMBUSTÍVEL;9745,051836
2019;MAI;PARANÁ;SIX;ÓLEO COMBUSTÍVEL;12151,63866
2019;JUN;PARANÁ;SIX;ÓLEO COMBUSTÍVEL;0
2019;JUL;PARANÁ;SIX;ÓLEO COMBUSTÍVEL;9223,477325
2019;AGO;PARANÁ;SIX;ÓLEO COMBUSTÍVEL;15759,19889
2019;SET;PARANÁ;SIX;ÓLEO COMBUSTÍVEL;14798,01137
2019;OUT;PARANÁ;SIX;ÓLEO COMBUSTÍVEL;14151,72612
2019;NOV;PARANÁ;SIX;ÓLEO COMBUSTÍVEL;15743,50621
2019;DEZ;PARANÁ;SIX;ÓLEO COMBUSTÍVEL;16069,35727
2019;JAN;PARANÁ;SIX;OUTROS NÃO ENERGÉTICOS;0
2019;FEV;PARANÁ;SIX;OUTROS NÃO ENERGÉTICOS;0
2019;MAR;PARANÁ;SIX;OUTROS NÃO ENERGÉTICOS;0
2019;ABR;PARANÁ;SIX;OUTROS NÃO ENERGÉTICOS;0
2019;MAI;PARANÁ;SIX;OUTROS NÃO ENERGÉTICOS;0
2019;JUN;PARANÁ;SIX;OUTROS NÃO ENERGÉTICOS;0
2019;JUL;PARANÁ;SIX;OUTROS NÃO ENERGÉTICOS;0
2019;AGO;PARANÁ;SIX;OUTROS NÃO ENERGÉTICOS;0
2019;SET;PARANÁ;SIX;OUTROS NÃO ENERGÉTICOS;0
2019;OUT;PARANÁ;SIX;OUTROS NÃO ENERGÉTICOS;0
2019;NOV;PARANÁ;SIX;OUTROS NÃO ENERGÉTICOS;0
2019;DEZ;PARANÁ;SIX;OUTROS NÃO ENERGÉTICOS;0
2019;JAN;PARANÁ;SIX;DIESEL;0
2019;FEV;PARANÁ;SIX;DIESEL;0
2019;MAR;PARANÁ;SIX;DIESEL;0
2019;ABR;PARANÁ;SIX;DIESEL;0
2019;MAI;PARANÁ;SIX;DIESEL;0
2019;JUN;PARANÁ;SIX;DIESEL;0
2019;JUL;PARANÁ;SIX;DIESEL;0
2019;AGO;PARANÁ;SIX;DIESEL;0
2019;SET;PARANÁ;SIX;DIESEL;0
2019;OUT;PARANÁ;SIX;DIESEL;0
2019;NOV;PARANÁ;SIX;DIESEL;0
2019;DEZ;PARANÁ;SIX;DIESEL;0
2020;JAN;PARANÁ;SIX;GLP;88,19294456
2020;FEV;PARANÁ;SIX;GLP;0
2020;MAR;PARANÁ;SIX;GLP;532,2027783
2020;ABR;PARANÁ;SIX;GLP;1348,129127
2020;MAI;PARANÁ;SIX;GLP;902,7266028
2020;JUN;PARANÁ;SIX;GLP;1836,095764
2020;JUL;PARANÁ;SIX;GLP;1805,021074
2020;AGO;PARANÁ;SIX;GLP;1513,513514
2020;SET;PARANÁ;SIX;GLP;1617,592247
2020;OUT;PARANÁ;SIX;GLP;1863,366337
2020;NOV;PARANÁ;SIX;GLP;1618,037135
2020;DEZ;PARANÁ;SIX;GLP;1423,055709
2020;JAN;PARANÁ;SIX;NAFTA;2799
2020;FEV;PARANÁ;SIX;NAFTA;3835
2020;MAR;PARANÁ;SIX;NAFTA;2871
2020;ABR;PARANÁ;SIX;NAFTA;2926
2020;MAI;PARANÁ;SIX;NAFTA;1531
2020;JUN;PARANÁ;SIX;NAFTA;3148
2020;JUL;PARANÁ;SIX;NAFTA;3433
2020;AGO;PARANÁ;SIX;NAFTA;3065
2020;SET;PARANÁ;SIX;NAFTA;3444
2020;OUT;PARANÁ;SIX;NAFTA;3586
2020;NOV;PARANÁ;SIX;NAFTA;2576
2020;DEZ;PARANÁ;SIX;NAFTA;2607
2020;JAN;PARANÁ;SIX;ÓLEO COMBUSTÍVEL;14215,96139
2020;FEV;PARANÁ;SIX;ÓLEO COMBUSTÍVEL;15804,24972
2020;MAR;PARANÁ;SIX;ÓLEO COMBUSTÍVEL;15725,69868
2020;ABR;PARANÁ;SIX;ÓLEO COMBUSTÍVEL;14696,79659
2020;MAI;PARANÁ;SIX;ÓLEO COMBUSTÍVEL;8774,253188
2020;JUN;PARANÁ;SIX;ÓLEO COMBUSTÍVEL;15363,96734
2020;JUL;PARANÁ;SIX;ÓLEO COMBUSTÍVEL;16699,70208
2020;AGO;PARANÁ;SIX;ÓLEO COMBUSTÍVEL;15973,12693
2020;SET;PARANÁ;SIX;ÓLEO COMBUSTÍVEL;16649,02644
2020;OUT;PARANÁ;SIX;ÓLEO COMBUSTÍVEL;19087,61484
2020;NOV;PARANÁ;SIX;ÓLEO COMBUSTÍVEL;15459,04025
2020;DEZ;PARANÁ;SIX;ÓLEO COMBUSTÍVEL;14789,70694
2020;JAN;PARANÁ;SIX;OUTROS NÃO ENERGÉTICOS;0
2020;FEV;PARANÁ;SIX;OUTROS NÃO ENERGÉTICOS;0
2020;MAR;PARANÁ;SIX;OUTROS NÃO ENERGÉTICOS;0
2020;ABR;PARANÁ;SIX;OUTROS NÃO ENERGÉTICOS;0
2020;MAI;PARANÁ;SIX;OUTROS NÃO ENERGÉTICOS;0
2020;JUN;PARANÁ;SIX;OUTROS NÃO ENERGÉTICOS;0
2020;JUL;PARANÁ;SIX;OUTROS NÃO ENERGÉTICOS;0
2020;AGO;PARANÁ;SIX;OUTROS NÃO ENERGÉTICOS;0
2020;SET;PARANÁ;SIX;OUTROS NÃO ENERGÉTICOS;0
2020;OUT;PARANÁ;SIX;OUTROS NÃO ENERGÉTICOS;0
2020;NOV;PARANÁ;SIX;OUTROS NÃO ENERGÉTICOS;0
2020;DEZ;PARANÁ;SIX;OUTROS NÃO ENERGÉTICOS;0
2020;JAN;PARANÁ;SIX;DIESEL;0
2020;FEV;PARANÁ;SIX;DIESEL;0
2020;MAR;PARANÁ;SIX;DIESEL;0
2020;ABR;PARANÁ;SIX;DIESEL;0
2020;MAI;PARANÁ;SIX;DIESEL;0
2020;JUN;PARANÁ;SIX;DIESEL;0
2020;JUL;PARANÁ;SIX;DIESEL;0
2020;AGO;PARANÁ;SIX;DIESEL;0
2020;SET;PARANÁ;SIX;DIESEL;0
2020;OUT;PARANÁ;SIX;DIESEL;0
2020;NOV;PARANÁ;SIX;DIESEL;0
2020;DEZ;PARANÁ;SIX;DIESEL;0
2021;JAN;PARANÁ;SIX;GLP;1114,487
2021;FEV;PARANÁ;SIX;GLP;968,058
2021;MAR;PARANÁ;SIX;GLP;797,703
2021;ABR;PARANÁ;SIX;GLP;844,846
2021;MAI;PARANÁ;SIX;GLP;1898,606884
2021;JUN;PARANÁ;SIX;GLP;0
2021;JUL;PARANÁ;SIX;GLP;218,301
2021;AGO;PARANÁ;SIX;GLP;533,345
2021;SET;PARANÁ;SIX;GLP;1244,851
2021;OUT;PARANÁ;SIX;GLP;1220,036
2021;NOV;PARANÁ;SIX;GLP;0
2021;DEZ;PARANÁ;SIX;GLP;0
2021;JAN;PARANÁ;SIX;NAFTA;3293,555
2021;FEV;PARANÁ;SIX;NAFTA;2280,324
2021;MAR;PARANÁ;SIX;NAFTA;2645,106
2021;ABR;PARANÁ;SIX;NAFTA;2713,719
2021;MAI;PARANÁ;SIX;NAFTA;3002,115
2021;JUN;PARANÁ;SIX;NAFTA;1980,463
2021;JUL;PARANÁ;SIX;NAFTA;2918,159
2021;AGO;PARANÁ;SIX;NAFTA;2621,211
2021;SET;PARANÁ;SIX;NAFTA;2314,755
2021;OUT;PARANÁ;SIX;NAFTA;2617,609
2021;NOV;PARANÁ;SIX;NAFTA;1838,307
2021;DEZ;PARANÁ;SIX;NAFTA;0
2021;JAN;PARANÁ;SIX;ÓLEO COMBUSTÍVEL;18137,107
2021;FEV;PARANÁ;SIX;ÓLEO COMBUSTÍVEL;11689,586
2021;MAR;PARANÁ;SIX;ÓLEO COMBUSTÍVEL;14187,712
2021;ABR;PARANÁ;SIX;ÓLEO COMBUSTÍVEL;15467,223
2021;MAI;PARANÁ;SIX;ÓLEO COMBUSTÍVEL;16406,289
2021;JUN;PARANÁ;SIX;ÓLEO COMBUSTÍVEL;14155,301
2021;JUL;PARANÁ;SIX;ÓLEO COMBUSTÍVEL;15338,294
2021;AGO;PARANÁ;SIX;ÓLEO COMBUSTÍVEL;16155,578
2021;SET;PARANÁ;SIX;ÓLEO COMBUSTÍVEL;14179,806
2021;OUT;PARANÁ;SIX;ÓLEO COMBUSTÍVEL;14250,398
2021;NOV;PARANÁ;SIX;ÓLEO COMBUSTÍVEL;9776,952
2021;DEZ;PARANÁ;SIX;ÓLEO COMBUSTÍVEL;1485,736
2021;JAN;PARANÁ;SIX;OUTROS NÃO ENERGÉTICOS;0
2021;FEV;PARANÁ;SIX;OUTROS NÃO ENERGÉTICOS;0
2021;MAR;PARANÁ;SIX;OUTROS NÃO ENERGÉTICOS;0
2021;ABR;PARANÁ;SIX;OUTROS NÃO ENERGÉTICOS;0
2021;MAI;PARANÁ;SIX;OUTROS NÃO ENERGÉTICOS;0
2021;JUN;PARANÁ;SIX;OUTROS NÃO ENERGÉTICOS;0
2021;JUL;PARANÁ;SIX;OUTROS NÃO ENERGÉTICOS;0
2021;AGO;PARANÁ;SIX;OUTROS NÃO ENERGÉTICOS;0
2021;SET;PARANÁ;SIX;OUTROS NÃO ENERGÉTICOS;0
2021;OUT;PARANÁ;SIX;OUTROS NÃO ENERGÉTICOS;0
2021;NOV;PARANÁ;SIX;OUTROS NÃO ENERGÉTICOS;0
2021;DEZ;PARANÁ;SIX;OUTROS NÃO ENERGÉTICOS;0
2021;JAN;PARANÁ;SIX;DIESEL;0
2021;FEV;PARANÁ;SIX;DIESEL;0
2021;MAR;PARANÁ;SIX;DIESEL;0
2021;ABR;PARANÁ;SIX;DIESEL;0
2021;MAI;PARANÁ;SIX;DIESEL;0
2021;JUN;PARANÁ;SIX;DIESEL;0
2021;JUL;PARANÁ;SIX;DIESEL;0
2021;AGO;PARANÁ;SIX;DIESEL;0
2021;SET;PARANÁ;SIX;DIESEL;0
2021;OUT;PARANÁ;SIX;DIESEL;0
2021;NOV;PARANÁ;SIX;DIESEL;0
2021;DEZ;PARANÁ;SIX;DIESEL;0
2022;JAN;PARANÁ;SIX;GLP;276,161
2022;FEV;PARANÁ;SIX;GLP;514,797
2022;MAR;PARANÁ;SIX;GLP;767,359
2022;ABR;PARANÁ;SIX;GLP;120,179
2022;MAI;PARANÁ;SIX;GLP;657,018
2022;JUN;PARANÁ;SIX;GLP;1338,915
2022;JUL;PARANÁ;SIX;GLP;1446,266
2022;AGO;PARANÁ;SIX;GLP;491,406
2022;SET;PARANÁ;SIX;GLP;0
2022;OUT;PARANÁ;SIX;GLP;793,125
2022;NOV;PARANÁ;SIX;GLP;980,225
2022;DEZ;PARANÁ;SIX;GLP;794,922
2022;JAN;PARANÁ;SIX;NAFTA;429,343
2022;FEV;PARANÁ;SIX;NAFTA;2724,728
2022;MAR;PARANÁ;SIX;NAFTA;3223,582
2022;ABR;PARANÁ;SIX;NAFTA;2795,791
2022;MAI;PARANÁ;SIX;NAFTA;2281,698
2022;JUN;PARANÁ;SIX;NAFTA;2657,729
2022;JUL;PARANÁ;SIX;NAFTA;2392,074
2022;AGO;PARANÁ;SIX;NAFTA;2319,483
2022;SET;PARANÁ;SIX;NAFTA;2498,877
2022;OUT;PARANÁ;SIX;NAFTA;1896,677
2022;NOV;PARANÁ;SIX;NAFTA;2581,134
2022;DEZ;PARANÁ;SIX;NAFTA;2579,65
2022;JAN;PARANÁ;SIX;ÓLEO COMBUSTÍVEL;6927,193
2022;FEV;PARANÁ;SIX;ÓLEO COMBUSTÍVEL;13948,445
2022;MAR;PARANÁ;SIX;ÓLEO COMBUSTÍVEL;14797,434
2022;ABR;PARANÁ;SIX;ÓLEO COMBUSTÍVEL;14119,738
2022;MAI;PARANÁ;SIX;ÓLEO COMBUSTÍVEL;14455,874
2022;JUN;PARANÁ;SIX;ÓLEO COMBUSTÍVEL;13302,731
2022;JUL;PARANÁ;SIX;ÓLEO COMBUSTÍVEL;15790,275
2022;AGO;PARANÁ;SIX;ÓLEO COMBUSTÍVEL;14584,206
2022;SET;PARANÁ;SIX;ÓLEO COMBUSTÍVEL;12061,901
2022;OUT;PARANÁ;SIX;ÓLEO COMBUSTÍVEL;11017,505
2022;NOV;PARANÁ;SIX;ÓLEO COMBUSTÍVEL;11339,521
2022;DEZ;PARANÁ;SIX;ÓLEO COMBUSTÍVEL;12631,771
2022;JAN;PARANÁ;SIX;OUTROS NÃO ENERGÉTICOS;0
2022;FEV;PARANÁ;SIX;OUTROS NÃO ENERGÉTICOS;0
2022;MAR;PARANÁ;SIX;OUTROS NÃO ENERGÉTICOS;0
2022;ABR;PARANÁ;SIX;OUTROS NÃO ENERGÉTICOS;0
2022;MAI;PARANÁ;SIX;OUTROS NÃO ENERGÉTICOS;0
2022;JUN;PARANÁ;SIX;OUTROS NÃO ENERGÉTICOS;0
2022;JUL;PARANÁ;SIX;OUTROS NÃO ENERGÉTICOS;0
2022;AGO;PARANÁ;SIX;OUTROS NÃO ENERGÉTICOS;0
2022;SET;PARANÁ;SIX;OUTROS NÃO ENERGÉTICOS;0
2022;OUT;PARANÁ;SIX;OUTROS NÃO ENERGÉTICOS;0
2022;NOV;PARANÁ;SIX;OUTROS NÃO ENERGÉTICOS;0
2022;DEZ;PARANÁ;SIX;OUTROS NÃO ENERGÉTICOS;0
2022;JAN;PARANÁ;SIX;DIESEL;0
2022;FEV;PARANÁ;SIX;DIESEL;0
2022;MAR;PARANÁ;SIX;DIESEL;0
2022;ABR;PARANÁ;SIX;DIESEL;0
2022;MAI;PARANÁ;SIX;DIESEL;0
2022;JUN;PARANÁ;SIX;DIESEL;0
2022;JUL;PARANÁ;SIX;DIESEL;0
2022;AGO;PARANÁ;SIX;DIESEL;0
2022;SET;PARANÁ;SIX;DIESEL;0
2022;OUT;PARANÁ;SIX;DIESEL;0
2022;NOV;PARANÁ;SIX;DIESEL;0
2022;DEZ;PARANÁ;SIX;DIESEL;0
2023;JAN;PARANÁ;SIX;GLP;307,197
2023;FEV;PARANÁ;SIX;GLP;620,687
2023;MAR;PARANÁ;SIX;GLP;119,605
2023;ABR;PARANÁ;SIX;GLP;0
2023;MAI;PARANÁ;SIX;GLP;0
2023;JUN;PARANÁ;SIX;GLP;0
2023;JUL;PARANÁ;SIX;GLP;205,888
2023;AGO;PARANÁ;SIX;GLP;436,592
2023;JAN;PARANÁ;SIX;NAFTA;2434,14
2023;FEV;PARANÁ;SIX;NAFTA;2212,689
2023;MAR;PARANÁ;SIX;NAFTA;1923,091
2023;ABR;PARANÁ;SIX;NAFTA;2561,036
2023;MAI;PARANÁ;SIX;NAFTA;1872,378
2023;JUN;PARANÁ;SIX;NAFTA;0
2023;JUL;PARANÁ;SIX;NAFTA;700,038
2023;AGO;PARANÁ;SIX;NAFTA;2350,862
2023;JAN;PARANÁ;SIX;ÓLEO COMBUSTÍVEL;14327,078
2023;FEV;PARANÁ;SIX;ÓLEO COMBUSTÍVEL;11173,172
2023;MAR;PARANÁ;SIX;ÓLEO COMBUSTÍVEL;12851,825
2023;ABR;PARANÁ;SIX;ÓLEO COMBUSTÍVEL;12756,579
2023;MAI;PARANÁ;SIX;ÓLEO COMBUSTÍVEL;10379,564
2023;JUN;PARANÁ;SIX;ÓLEO COMBUSTÍVEL;727,052
2023;JUL;PARANÁ;SIX;ÓLEO COMBUSTÍVEL;8510,407
2023;AGO;PARANÁ;SIX;ÓLEO COMBUSTÍVEL;12476,048
2023;JAN;PARANÁ;SIX;OUTROS NÃO ENERGÉTICOS;0
2023;FEV;PARANÁ;SIX;OUTROS NÃO ENERGÉTICOS;0
2023;MAR;PARANÁ;SIX;OUTROS NÃO ENERGÉTICOS;0
2023;ABR;PARANÁ;SIX;OUTROS NÃO ENERGÉTICOS;0
2023;MAI;PARANÁ;SIX;OUTROS NÃO ENERGÉTICOS;0
2023;JUN;PARANÁ;SIX;OUTROS NÃO ENERGÉTICOS;0
2023;JUL;PARANÁ;SIX;OUTROS NÃO ENERGÉTICOS;0
2023;AGO;PARANÁ;SIX;OUTROS NÃO ENERGÉTICOS;0
2023;JAN;PARANÁ;SIX;DIESEL;0
2023;FEV;PARANÁ;SIX;DIESEL;0
2023;MAR;PARANÁ;SIX;DIESEL;0
2023;ABR;PARANÁ;SIX;DIESEL;0
2023;MAI;PARANÁ;SIX;DIESEL;0
2023;JUN;PARANÁ;SIX;DIESEL;0
2023;JUL;PARANÁ;SIX;DIESEL;0
2023;AGO;PARANÁ;SIX;DIESEL;0
